{
  "type": "File",
  "start": 0,
  "end": 267,
  "loc": {
    "start": {
      "line": 1,
      "column": 0
    },
    "end": {
      "line": 10,
      "column": 0
    }
  },
  "program": {
    "type": "Program",
    "start": 0,
    "end": 267,
    "loc": {
      "start": {
        "line": 1,
        "column": 0
      },
      "end": {
        "line": 10,
        "column": 0
      }
    },
    "sourceType": "module",
    "body": [
      {
        "type": "ExpressionStatement",
        "start": 152,
        "end": 266,
        "loc": {
          "start": {
            "line": 7,
            "column": 0
          },
          "end": {
            "line": 9,
            "column": 1
          }
        },
        "expression": {
          "type": "AssignmentExpression",
          "start": 152,
          "end": 266,
          "loc": {
            "start": {
              "line": 7,
              "column": 0
            },
            "end": {
              "line": 9,
              "column": 1
            }
          },
          "operator": "=",
          "left": {
            "type": "MemberExpression",
            "start": 152,
            "end": 169,
            "loc": {
              "start": {
                "line": 7,
                "column": 0
              },
              "end": {
                "line": 7,
                "column": 17
              }
            },
            "object": {
              "type": "Identifier",
              "start": 152,
              "end": 159,
              "loc": {
                "start": {
                  "line": 7,
                  "column": 0
                },
                "end": {
                  "line": 7,
                  "column": 7
                },
                "identifierName": "exports"
              },
              "name": "exports",
              "leadingComments": null
            },
            "property": {
              "type": "Identifier",
              "start": 160,
              "end": 169,
              "loc": {
                "start": {
                  "line": 7,
                  "column": 8
                },
                "end": {
                  "line": 7,
                  "column": 17
                },
                "identifierName": "randomInt"
              },
              "name": "randomInt"
            },
            "computed": false,
            "leadingComments": null
          },
          "right": {
            "type": "FunctionExpression",
            "start": 172,
            "end": 266,
            "loc": {
              "start": {
                "line": 7,
                "column": 20
              },
              "end": {
                "line": 9,
                "column": 1
              }
            },
            "id": {
              "type": "Identifier",
              "start": 160,
              "end": 169,
              "loc": {
                "start": {
                  "line": 7,
                  "column": 8
                },
                "end": {
                  "line": 7,
                  "column": 17
                },
                "identifierName": "randomInt"
              },
              "name": "randomInt"
            },
            "generator": false,
            "expression": false,
            "async": false,
            "params": [
              {
                "type": "AssignmentPattern",
                "start": 192,
                "end": 197,
                "loc": {
                  "start": {
                    "line": 7,
                    "column": 40
                  },
                  "end": {
                    "line": 7,
                    "column": 45
                  }
                },
                "left": {
                  "type": "Identifier",
                  "start": 192,
                  "end": 193,
                  "loc": {
                    "start": {
                      "line": 7,
                      "column": 40
                    },
                    "end": {
                      "line": 7,
                      "column": 41
                    },
                    "identifierName": "a"
                  },
                  "name": "a"
                },
                "right": {
                  "type": "NumericLiteral",
                  "start": 196,
                  "end": 197,
                  "loc": {
                    "start": {
                      "line": 7,
                      "column": 44
                    },
                    "end": {
                      "line": 7,
                      "column": 45
                    }
                  },
                  "extra": {
                    "rawValue": 1,
                    "raw": "1"
                  },
                  "value": 1
                }
              },
              {
                "type": "AssignmentPattern",
                "start": 199,
                "end": 210,
                "loc": {
                  "start": {
                    "line": 7,
                    "column": 47
                  },
                  "end": {
                    "line": 7,
                    "column": 58
                  }
                },
                "left": {
                  "type": "Identifier",
                  "start": 199,
                  "end": 200,
                  "loc": {
                    "start": {
                      "line": 7,
                      "column": 47
                    },
                    "end": {
                      "line": 7,
                      "column": 48
                    },
                    "identifierName": "b"
                  },
                  "name": "b"
                },
                "right": {
                  "type": "NumericLiteral",
                  "start": 203,
                  "end": 210,
                  "loc": {
                    "start": {
                      "line": 7,
                      "column": 51
                    },
                    "end": {
                      "line": 7,
                      "column": 58
                    }
                  },
                  "extra": {
                    "rawValue": 1000000,
                    "raw": "1000000"
                  },
                  "value": 1000000
                }
              }
            ],
            "body": {
              "type": "BlockStatement",
              "start": 212,
              "end": 266,
              "loc": {
                "start": {
                  "line": 7,
                  "column": 60
                },
                "end": {
                  "line": 9,
                  "column": 1
                }
              },
              "body": [
                {
                  "type": "ReturnStatement",
                  "start": 216,
                  "end": 264,
                  "loc": {
                    "start": {
                      "line": 8,
                      "column": 2
                    },
                    "end": {
                      "line": 8,
                      "column": 50
                    }
                  },
                  "argument": {
                    "type": "CallExpression",
                    "start": 223,
                    "end": 264,
                    "loc": {
                      "start": {
                        "line": 8,
                        "column": 9
                      },
                      "end": {
                        "line": 8,
                        "column": 50
                      }
                    },
                    "callee": {
                      "type": "MemberExpression",
                      "start": 223,
                      "end": 233,
                      "loc": {
                        "start": {
                          "line": 8,
                          "column": 9
                        },
                        "end": {
                          "line": 8,
                          "column": 19
                        }
                      },
                      "object": {
                        "type": "Identifier",
                        "start": 223,
                        "end": 227,
                        "loc": {
                          "start": {
                            "line": 8,
                            "column": 9
                          },
                          "end": {
                            "line": 8,
                            "column": 13
                          },
                          "identifierName": "Math"
                        },
                        "name": "Math"
                      },
                      "property": {
                        "type": "Identifier",
                        "start": 228,
                        "end": 233,
                        "loc": {
                          "start": {
                            "line": 8,
                            "column": 14
                          },
                          "end": {
                            "line": 8,
                            "column": 19
                          },
                          "identifierName": "floor"
                        },
                        "name": "floor"
                      },
                      "computed": false
                    },
                    "arguments": [
                      {
                        "type": "BinaryExpression",
                        "start": 234,
                        "end": 263,
                        "loc": {
                          "start": {
                            "line": 8,
                            "column": 20
                          },
                          "end": {
                            "line": 8,
                            "column": 49
                          }
                        },
                        "left": {
                          "type": "BinaryExpression",
                          "start": 235,
                          "end": 258,
                          "loc": {
                            "start": {
                              "line": 8,
                              "column": 21
                            },
                            "end": {
                              "line": 8,
                              "column": 44
                            }
                          },
                          "left": {
                            "type": "CallExpression",
                            "start": 235,
                            "end": 248,
                            "loc": {
                              "start": {
                                "line": 8,
                                "column": 21
                              },
                              "end": {
                                "line": 8,
                                "column": 34
                              }
                            },
                            "callee": {
                              "type": "MemberExpression",
                              "start": 235,
                              "end": 246,
                              "loc": {
                                "start": {
                                  "line": 8,
                                  "column": 21
                                },
                                "end": {
                                  "line": 8,
                                  "column": 32
                                }
                              },
                              "object": {
                                "type": "Identifier",
                                "start": 235,
                                "end": 239,
                                "loc": {
                                  "start": {
                                    "line": 8,
                                    "column": 21
                                  },
                                  "end": {
                                    "line": 8,
                                    "column": 25
                                  },
                                  "identifierName": "Math"
                                },
                                "name": "Math"
                              },
                              "property": {
                                "type": "Identifier",
                                "start": 240,
                                "end": 246,
                                "loc": {
                                  "start": {
                                    "line": 8,
                                    "column": 26
                                  },
                                  "end": {
                                    "line": 8,
                                    "column": 32
                                  },
                                  "identifierName": "random"
                                },
                                "name": "random"
                              },
                              "computed": false
                            },
                            "arguments": []
                          },
                          "operator": "*",
                          "right": {
                            "type": "BinaryExpression",
                            "start": 252,
                            "end": 257,
                            "loc": {
                              "start": {
                                "line": 8,
                                "column": 38
                              },
                              "end": {
                                "line": 8,
                                "column": 43
                              }
                            },
                            "left": {
                              "type": "Identifier",
                              "start": 252,
                              "end": 253,
                              "loc": {
                                "start": {
                                  "line": 8,
                                  "column": 38
                                },
                                "end": {
                                  "line": 8,
                                  "column": 39
                                },
                                "identifierName": "b"
                              },
                              "name": "b"
                            },
                            "operator": "+",
                            "right": {
                              "type": "NumericLiteral",
                              "start": 256,
                              "end": 257,
                              "loc": {
                                "start": {
                                  "line": 8,
                                  "column": 42
                                },
                                "end": {
                                  "line": 8,
                                  "column": 43
                                }
                              },
                              "extra": {
                                "rawValue": 1,
                                "raw": "1"
                              },
                              "value": 1
                            },
                            "extra": {
                              "parenthesized": true,
                              "parenStart": 251
                            }
                          },
                          "extra": {
                            "parenthesized": true,
                            "parenStart": 234
                          }
                        },
                        "operator": "+",
                        "right": {
                          "type": "Identifier",
                          "start": 262,
                          "end": 263,
                          "loc": {
                            "start": {
                              "line": 8,
                              "column": 48
                            },
                            "end": {
                              "line": 8,
                              "column": 49
                            },
                            "identifierName": "a"
                          },
                          "name": "a"
                        }
                      }
                    ]
                  }
                }
              ],
              "directives": []
            }
          },
          "leadingComments": null
        },
        "leadingComments": [
          {
            "type": "CommentBlock",
            "value": "*\n* Devuelve un número aleatorio entre A y B.\n* @param {Number} [a=1]       - Número A\n* @param {Number} [b=1000000] - Número B\n* @return {Number}\n",
            "start": 0,
            "end": 151,
            "loc": {
              "start": {
                "line": 1,
                "column": 0
              },
              "end": {
                "line": 6,
                "column": 2
              }
            }
          }
        ]
      }
    ],
    "directives": []
  },
  "comments": [
    {
      "type": "CommentBlock",
      "value": "*\n* Devuelve un número aleatorio entre A y B.\n* @param {Number} [a=1]       - Número A\n* @param {Number} [b=1000000] - Número B\n* @return {Number}\n",
      "start": 0,
      "end": 151,
      "loc": {
        "start": {
          "line": 1,
          "column": 0
        },
        "end": {
          "line": 6,
          "column": 2
        }
      }
    }
  ],
  "tokens": [
    {
      "type": "CommentBlock",
      "value": "*\n* Devuelve un número aleatorio entre A y B.\n* @param {Number} [a=1]       - Número A\n* @param {Number} [b=1000000] - Número B\n* @return {Number}\n",
      "start": 0,
      "end": 151,
      "loc": {
        "start": {
          "line": 1,
          "column": 0
        },
        "end": {
          "line": 6,
          "column": 2
        }
      }
    },
    {
      "type": {
        "label": "name",
        "beforeExpr": false,
        "startsExpr": true,
        "rightAssociative": false,
        "isLoop": false,
        "isAssign": false,
        "prefix": false,
        "postfix": false,
        "binop": null
      },
      "value": "exports",
      "start": 152,
      "end": 159,
      "loc": {
        "start": {
          "line": 7,
          "column": 0
        },
        "end": {
          "line": 7,
          "column": 7
        }
      }
    },
    {
      "type": {
        "label": ".",
        "beforeExpr": false,
        "startsExpr": false,
        "rightAssociative": false,
        "isLoop": false,
        "isAssign": false,
        "prefix": false,
        "postfix": false,
        "binop": null,
        "updateContext": null
      },
      "start": 159,
      "end": 160,
      "loc": {
        "start": {
          "line": 7,
          "column": 7
        },
        "end": {
          "line": 7,
          "column": 8
        }
      }
    },
    {
      "type": {
        "label": "name",
        "beforeExpr": false,
        "startsExpr": true,
        "rightAssociative": false,
        "isLoop": false,
        "isAssign": false,
        "prefix": false,
        "postfix": false,
        "binop": null
      },
      "value": "randomInt",
      "start": 160,
      "end": 169,
      "loc": {
        "start": {
          "line": 7,
          "column": 8
        },
        "end": {
          "line": 7,
          "column": 17
        }
      }
    },
    {
      "type": {
        "label": "=",
        "beforeExpr": true,
        "startsExpr": false,
        "rightAssociative": false,
        "isLoop": false,
        "isAssign": true,
        "prefix": false,
        "postfix": false,
        "binop": null,
        "updateContext": null
      },
      "value": "=",
      "start": 170,
      "end": 171,
      "loc": {
        "start": {
          "line": 7,
          "column": 18
        },
        "end": {
          "line": 7,
          "column": 19
        }
      }
    },
    {
      "type": {
        "label": "function",
        "keyword": "function",
        "beforeExpr": false,
        "startsExpr": true,
        "rightAssociative": false,
        "isLoop": false,
        "isAssign": false,
        "prefix": false,
        "postfix": false,
        "binop": null
      },
      "value": "function",
      "start": 172,
      "end": 180,
      "loc": {
        "start": {
          "line": 7,
          "column": 20
        },
        "end": {
          "line": 7,
          "column": 28
        }
      }
    },
    {
      "type": {
        "label": "name",
        "beforeExpr": false,
        "startsExpr": true,
        "rightAssociative": false,
        "isLoop": false,
        "isAssign": false,
        "prefix": false,
        "postfix": false,
        "binop": null
      },
      "value": "randomInt",
      "start": 181,
      "end": 190,
      "loc": {
        "start": {
          "line": 7,
          "column": 29
        },
        "end": {
          "line": 7,
          "column": 38
        }
      }
    },
    {
      "type": {
        "label": "(",
        "beforeExpr": true,
        "startsExpr": true,
        "rightAssociative": false,
        "isLoop": false,
        "isAssign": false,
        "prefix": false,
        "postfix": false,
        "binop": null
      },
      "start": 191,
      "end": 192,
      "loc": {
        "start": {
          "line": 7,
          "column": 39
        },
        "end": {
          "line": 7,
          "column": 40
        }
      }
    },
    {
      "type": {
        "label": "name",
        "beforeExpr": false,
        "startsExpr": true,
        "rightAssociative": false,
        "isLoop": false,
        "isAssign": false,
        "prefix": false,
        "postfix": false,
        "binop": null
      },
      "value": "a",
      "start": 192,
      "end": 193,
      "loc": {
        "start": {
          "line": 7,
          "column": 40
        },
        "end": {
          "line": 7,
          "column": 41
        }
      }
    },
    {
      "type": {
        "label": "=",
        "beforeExpr": true,
        "startsExpr": false,
        "rightAssociative": false,
        "isLoop": false,
        "isAssign": true,
        "prefix": false,
        "postfix": false,
        "binop": null,
        "updateContext": null
      },
      "value": "=",
      "start": 194,
      "end": 195,
      "loc": {
        "start": {
          "line": 7,
          "column": 42
        },
        "end": {
          "line": 7,
          "column": 43
        }
      }
    },
    {
      "type": {
        "label": "num",
        "beforeExpr": false,
        "startsExpr": true,
        "rightAssociative": false,
        "isLoop": false,
        "isAssign": false,
        "prefix": false,
        "postfix": false,
        "binop": null,
        "updateContext": null
      },
      "value": 1,
      "start": 196,
      "end": 197,
      "loc": {
        "start": {
          "line": 7,
          "column": 44
        },
        "end": {
          "line": 7,
          "column": 45
        }
      }
    },
    {
      "type": {
        "label": ",",
        "beforeExpr": true,
        "startsExpr": false,
        "rightAssociative": false,
        "isLoop": false,
        "isAssign": false,
        "prefix": false,
        "postfix": false,
        "binop": null,
        "updateContext": null
      },
      "start": 197,
      "end": 198,
      "loc": {
        "start": {
          "line": 7,
          "column": 45
        },
        "end": {
          "line": 7,
          "column": 46
        }
      }
    },
    {
      "type": {
        "label": "name",
        "beforeExpr": false,
        "startsExpr": true,
        "rightAssociative": false,
        "isLoop": false,
        "isAssign": false,
        "prefix": false,
        "postfix": false,
        "binop": null
      },
      "value": "b",
      "start": 199,
      "end": 200,
      "loc": {
        "start": {
          "line": 7,
          "column": 47
        },
        "end": {
          "line": 7,
          "column": 48
        }
      }
    },
    {
      "type": {
        "label": "=",
        "beforeExpr": true,
        "startsExpr": false,
        "rightAssociative": false,
        "isLoop": false,
        "isAssign": true,
        "prefix": false,
        "postfix": false,
        "binop": null,
        "updateContext": null
      },
      "value": "=",
      "start": 201,
      "end": 202,
      "loc": {
        "start": {
          "line": 7,
          "column": 49
        },
        "end": {
          "line": 7,
          "column": 50
        }
      }
    },
    {
      "type": {
        "label": "num",
        "beforeExpr": false,
        "startsExpr": true,
        "rightAssociative": false,
        "isLoop": false,
        "isAssign": false,
        "prefix": false,
        "postfix": false,
        "binop": null,
        "updateContext": null
      },
      "value": 1000000,
      "start": 203,
      "end": 210,
      "loc": {
        "start": {
          "line": 7,
          "column": 51
        },
        "end": {
          "line": 7,
          "column": 58
        }
      }
    },
    {
      "type": {
        "label": ")",
        "beforeExpr": false,
        "startsExpr": false,
        "rightAssociative": false,
        "isLoop": false,
        "isAssign": false,
        "prefix": false,
        "postfix": false,
        "binop": null
      },
      "start": 210,
      "end": 211,
      "loc": {
        "start": {
          "line": 7,
          "column": 58
        },
        "end": {
          "line": 7,
          "column": 59
        }
      }
    },
    {
      "type": {
        "label": "{",
        "beforeExpr": true,
        "startsExpr": true,
        "rightAssociative": false,
        "isLoop": false,
        "isAssign": false,
        "prefix": false,
        "postfix": false,
        "binop": null
      },
      "start": 212,
      "end": 213,
      "loc": {
        "start": {
          "line": 7,
          "column": 60
        },
        "end": {
          "line": 7,
          "column": 61
        }
      }
    },
    {
      "type": {
        "label": "return",
        "keyword": "return",
        "beforeExpr": true,
        "startsExpr": false,
        "rightAssociative": false,
        "isLoop": false,
        "isAssign": false,
        "prefix": false,
        "postfix": false,
        "binop": null,
        "updateContext": null
      },
      "value": "return",
      "start": 216,
      "end": 222,
      "loc": {
        "start": {
          "line": 8,
          "column": 2
        },
        "end": {
          "line": 8,
          "column": 8
        }
      }
    },
    {
      "type": {
        "label": "name",
        "beforeExpr": false,
        "startsExpr": true,
        "rightAssociative": false,
        "isLoop": false,
        "isAssign": false,
        "prefix": false,
        "postfix": false,
        "binop": null
      },
      "value": "Math",
      "start": 223,
      "end": 227,
      "loc": {
        "start": {
          "line": 8,
          "column": 9
        },
        "end": {
          "line": 8,
          "column": 13
        }
      }
    },
    {
      "type": {
        "label": ".",
        "beforeExpr": false,
        "startsExpr": false,
        "rightAssociative": false,
        "isLoop": false,
        "isAssign": false,
        "prefix": false,
        "postfix": false,
        "binop": null,
        "updateContext": null
      },
      "start": 227,
      "end": 228,
      "loc": {
        "start": {
          "line": 8,
          "column": 13
        },
        "end": {
          "line": 8,
          "column": 14
        }
      }
    },
    {
      "type": {
        "label": "name",
        "beforeExpr": false,
        "startsExpr": true,
        "rightAssociative": false,
        "isLoop": false,
        "isAssign": false,
        "prefix": false,
        "postfix": false,
        "binop": null
      },
      "value": "floor",
      "start": 228,
      "end": 233,
      "loc": {
        "start": {
          "line": 8,
          "column": 14
        },
        "end": {
          "line": 8,
          "column": 19
        }
      }
    },
    {
      "type": {
        "label": "(",
        "beforeExpr": true,
        "startsExpr": true,
        "rightAssociative": false,
        "isLoop": false,
        "isAssign": false,
        "prefix": false,
        "postfix": false,
        "binop": null
      },
      "start": 233,
      "end": 234,
      "loc": {
        "start": {
          "line": 8,
          "column": 19
        },
        "end": {
          "line": 8,
          "column": 20
        }
      }
    },
    {
      "type": {
        "label": "(",
        "beforeExpr": true,
        "startsExpr": true,
        "rightAssociative": false,
        "isLoop": false,
        "isAssign": false,
        "prefix": false,
        "postfix": false,
        "binop": null
      },
      "start": 234,
      "end": 235,
      "loc": {
        "start": {
          "line": 8,
          "column": 20
        },
        "end": {
          "line": 8,
          "column": 21
        }
      }
    },
    {
      "type": {
        "label": "name",
        "beforeExpr": false,
        "startsExpr": true,
        "rightAssociative": false,
        "isLoop": false,
        "isAssign": false,
        "prefix": false,
        "postfix": false,
        "binop": null
      },
      "value": "Math",
      "start": 235,
      "end": 239,
      "loc": {
        "start": {
          "line": 8,
          "column": 21
        },
        "end": {
          "line": 8,
          "column": 25
        }
      }
    },
    {
      "type": {
        "label": ".",
        "beforeExpr": false,
        "startsExpr": false,
        "rightAssociative": false,
        "isLoop": false,
        "isAssign": false,
        "prefix": false,
        "postfix": false,
        "binop": null,
        "updateContext": null
      },
      "start": 239,
      "end": 240,
      "loc": {
        "start": {
          "line": 8,
          "column": 25
        },
        "end": {
          "line": 8,
          "column": 26
        }
      }
    },
    {
      "type": {
        "label": "name",
        "beforeExpr": false,
        "startsExpr": true,
        "rightAssociative": false,
        "isLoop": false,
        "isAssign": false,
        "prefix": false,
        "postfix": false,
        "binop": null
      },
      "value": "random",
      "start": 240,
      "end": 246,
      "loc": {
        "start": {
          "line": 8,
          "column": 26
        },
        "end": {
          "line": 8,
          "column": 32
        }
      }
    },
    {
      "type": {
        "label": "(",
        "beforeExpr": true,
        "startsExpr": true,
        "rightAssociative": false,
        "isLoop": false,
        "isAssign": false,
        "prefix": false,
        "postfix": false,
        "binop": null
      },
      "start": 246,
      "end": 247,
      "loc": {
        "start": {
          "line": 8,
          "column": 32
        },
        "end": {
          "line": 8,
          "column": 33
        }
      }
    },
    {
      "type": {
        "label": ")",
        "beforeExpr": false,
        "startsExpr": false,
        "rightAssociative": false,
        "isLoop": false,
        "isAssign": false,
        "prefix": false,
        "postfix": false,
        "binop": null
      },
      "start": 247,
      "end": 248,
      "loc": {
        "start": {
          "line": 8,
          "column": 33
        },
        "end": {
          "line": 8,
          "column": 34
        }
      }
    },
    {
      "type": {
        "label": "*",
        "beforeExpr": true,
        "startsExpr": false,
        "rightAssociative": false,
        "isLoop": false,
        "isAssign": false,
        "prefix": false,
        "postfix": false,
        "binop": 10,
        "updateContext": null
      },
      "value": "*",
      "start": 249,
      "end": 250,
      "loc": {
        "start": {
          "line": 8,
          "column": 35
        },
        "end": {
          "line": 8,
          "column": 36
        }
      }
    },
    {
      "type": {
        "label": "(",
        "beforeExpr": true,
        "startsExpr": true,
        "rightAssociative": false,
        "isLoop": false,
        "isAssign": false,
        "prefix": false,
        "postfix": false,
        "binop": null
      },
      "start": 251,
      "end": 252,
      "loc": {
        "start": {
          "line": 8,
          "column": 37
        },
        "end": {
          "line": 8,
          "column": 38
        }
      }
    },
    {
      "type": {
        "label": "name",
        "beforeExpr": false,
        "startsExpr": true,
        "rightAssociative": false,
        "isLoop": false,
        "isAssign": false,
        "prefix": false,
        "postfix": false,
        "binop": null
      },
      "value": "b",
      "start": 252,
      "end": 253,
      "loc": {
        "start": {
          "line": 8,
          "column": 38
        },
        "end": {
          "line": 8,
          "column": 39
        }
      }
    },
    {
      "type": {
        "label": "+/-",
        "beforeExpr": true,
        "startsExpr": true,
        "rightAssociative": false,
        "isLoop": false,
        "isAssign": false,
        "prefix": true,
        "postfix": false,
        "binop": 9,
        "updateContext": null
      },
      "value": "+",
      "start": 254,
      "end": 255,
      "loc": {
        "start": {
          "line": 8,
          "column": 40
        },
        "end": {
          "line": 8,
          "column": 41
        }
      }
    },
    {
      "type": {
        "label": "num",
        "beforeExpr": false,
        "startsExpr": true,
        "rightAssociative": false,
        "isLoop": false,
        "isAssign": false,
        "prefix": false,
        "postfix": false,
        "binop": null,
        "updateContext": null
      },
      "value": 1,
      "start": 256,
      "end": 257,
      "loc": {
        "start": {
          "line": 8,
          "column": 42
        },
        "end": {
          "line": 8,
          "column": 43
        }
      }
    },
    {
      "type": {
        "label": ")",
        "beforeExpr": false,
        "startsExpr": false,
        "rightAssociative": false,
        "isLoop": false,
        "isAssign": false,
        "prefix": false,
        "postfix": false,
        "binop": null
      },
      "start": 257,
      "end": 258,
      "loc": {
        "start": {
          "line": 8,
          "column": 43
        },
        "end": {
          "line": 8,
          "column": 44
        }
      }
    },
    {
      "type": {
        "label": ")",
        "beforeExpr": false,
        "startsExpr": false,
        "rightAssociative": false,
        "isLoop": false,
        "isAssign": false,
        "prefix": false,
        "postfix": false,
        "binop": null
      },
      "start": 258,
      "end": 259,
      "loc": {
        "start": {
          "line": 8,
          "column": 44
        },
        "end": {
          "line": 8,
          "column": 45
        }
      }
    },
    {
      "type": {
        "label": "+/-",
        "beforeExpr": true,
        "startsExpr": true,
        "rightAssociative": false,
        "isLoop": false,
        "isAssign": false,
        "prefix": true,
        "postfix": false,
        "binop": 9,
        "updateContext": null
      },
      "value": "+",
      "start": 260,
      "end": 261,
      "loc": {
        "start": {
          "line": 8,
          "column": 46
        },
        "end": {
          "line": 8,
          "column": 47
        }
      }
    },
    {
      "type": {
        "label": "name",
        "beforeExpr": false,
        "startsExpr": true,
        "rightAssociative": false,
        "isLoop": false,
        "isAssign": false,
        "prefix": false,
        "postfix": false,
        "binop": null
      },
      "value": "a",
      "start": 262,
      "end": 263,
      "loc": {
        "start": {
          "line": 8,
          "column": 48
        },
        "end": {
          "line": 8,
          "column": 49
        }
      }
    },
    {
      "type": {
        "label": ")",
        "beforeExpr": false,
        "startsExpr": false,
        "rightAssociative": false,
        "isLoop": false,
        "isAssign": false,
        "prefix": false,
        "postfix": false,
        "binop": null
      },
      "start": 263,
      "end": 264,
      "loc": {
        "start": {
          "line": 8,
          "column": 49
        },
        "end": {
          "line": 8,
          "column": 50
        }
      }
    },
    {
      "type": {
        "label": "}",
        "beforeExpr": false,
        "startsExpr": false,
        "rightAssociative": false,
        "isLoop": false,
        "isAssign": false,
        "prefix": false,
        "postfix": false,
        "binop": null
      },
      "start": 265,
      "end": 266,
      "loc": {
        "start": {
          "line": 9,
          "column": 0
        },
        "end": {
          "line": 9,
          "column": 1
        }
      }
    },
    {
      "type": {
        "label": "eof",
        "beforeExpr": false,
        "startsExpr": false,
        "rightAssociative": false,
        "isLoop": false,
        "isAssign": false,
        "prefix": false,
        "postfix": false,
        "binop": null,
        "updateContext": null
      },
      "start": 267,
      "end": 267,
      "loc": {
        "start": {
          "line": 10,
          "column": 0
        },
        "end": {
          "line": 10,
          "column": 0
        }
      }
    }
  ]
}