{
  "type": "File",
  "start": 0,
  "end": 1900,
  "loc": {
    "start": {
      "line": 1,
      "column": 0
    },
    "end": {
      "line": 45,
      "column": 0
    }
  },
  "program": {
    "type": "Program",
    "start": 0,
    "end": 1900,
    "loc": {
      "start": {
        "line": 1,
        "column": 0
      },
      "end": {
        "line": 45,
        "column": 0
      }
    },
    "sourceType": "module",
    "body": [
      {
        "type": "VariableDeclaration",
        "start": 1168,
        "end": 1874,
        "loc": {
          "start": {
            "line": 17,
            "column": 0
          },
          "end": {
            "line": 42,
            "column": 1
          }
        },
        "declarations": [
          {
            "type": "VariableDeclarator",
            "start": 1174,
            "end": 1874,
            "loc": {
              "start": {
                "line": 17,
                "column": 6
              },
              "end": {
                "line": 42,
                "column": 1
              }
            },
            "id": {
              "type": "Identifier",
              "start": 1174,
              "end": 1180,
              "loc": {
                "start": {
                  "line": 17,
                  "column": 6
                },
                "end": {
                  "line": 17,
                  "column": 12
                },
                "identifierName": "SERVER"
              },
              "name": "SERVER",
              "leadingComments": null
            },
            "init": {
              "type": "ObjectExpression",
              "start": 1183,
              "end": 1874,
              "loc": {
                "start": {
                  "line": 17,
                  "column": 15
                },
                "end": {
                  "line": 42,
                  "column": 1
                }
              },
              "properties": [
                {
                  "type": "ObjectProperty",
                  "start": 1187,
                  "end": 1200,
                  "loc": {
                    "start": {
                      "line": 18,
                      "column": 2
                    },
                    "end": {
                      "line": 18,
                      "column": 15
                    }
                  },
                  "method": false,
                  "shorthand": false,
                  "computed": false,
                  "key": {
                    "type": "Identifier",
                    "start": 1187,
                    "end": 1192,
                    "loc": {
                      "start": {
                        "line": 18,
                        "column": 2
                      },
                      "end": {
                        "line": 18,
                        "column": 7
                      },
                      "identifierName": "start"
                    },
                    "name": "start"
                  },
                  "value": {
                    "type": "BooleanLiteral",
                    "start": 1196,
                    "end": 1200,
                    "loc": {
                      "start": {
                        "line": 18,
                        "column": 11
                      },
                      "end": {
                        "line": 18,
                        "column": 15
                      }
                    },
                    "value": true
                  }
                },
                {
                  "type": "ObjectProperty",
                  "start": 1204,
                  "end": 1217,
                  "loc": {
                    "start": {
                      "line": 19,
                      "column": 2
                    },
                    "end": {
                      "line": 19,
                      "column": 15
                    }
                  },
                  "method": false,
                  "shorthand": false,
                  "computed": false,
                  "key": {
                    "type": "Identifier",
                    "start": 1204,
                    "end": 1210,
                    "loc": {
                      "start": {
                        "line": 19,
                        "column": 2
                      },
                      "end": {
                        "line": 19,
                        "column": 8
                      },
                      "identifierName": "listen"
                    },
                    "name": "listen"
                  },
                  "value": {
                    "type": "BooleanLiteral",
                    "start": 1213,
                    "end": 1217,
                    "loc": {
                      "start": {
                        "line": 19,
                        "column": 11
                      },
                      "end": {
                        "line": 19,
                        "column": 15
                      }
                    },
                    "value": true
                  }
                },
                {
                  "type": "ObjectProperty",
                  "start": 1222,
                  "end": 1239,
                  "loc": {
                    "start": {
                      "line": 21,
                      "column": 2
                    },
                    "end": {
                      "line": 21,
                      "column": 19
                    }
                  },
                  "method": false,
                  "shorthand": false,
                  "computed": false,
                  "key": {
                    "type": "Identifier",
                    "start": 1222,
                    "end": 1230,
                    "loc": {
                      "start": {
                        "line": 21,
                        "column": 2
                      },
                      "end": {
                        "line": 21,
                        "column": 10
                      },
                      "identifierName": "protocol"
                    },
                    "name": "protocol"
                  },
                  "value": {
                    "type": "StringLiteral",
                    "start": 1233,
                    "end": 1239,
                    "loc": {
                      "start": {
                        "line": 21,
                        "column": 13
                      },
                      "end": {
                        "line": 21,
                        "column": 19
                      }
                    },
                    "extra": {
                      "rawValue": "http",
                      "raw": "'http'"
                    },
                    "value": "http"
                  }
                },
                {
                  "type": "ObjectProperty",
                  "start": 1243,
                  "end": 1265,
                  "loc": {
                    "start": {
                      "line": 22,
                      "column": 2
                    },
                    "end": {
                      "line": 22,
                      "column": 24
                    }
                  },
                  "method": false,
                  "shorthand": false,
                  "computed": false,
                  "key": {
                    "type": "Identifier",
                    "start": 1243,
                    "end": 1251,
                    "loc": {
                      "start": {
                        "line": 22,
                        "column": 2
                      },
                      "end": {
                        "line": 22,
                        "column": 10
                      },
                      "identifierName": "hostname"
                    },
                    "name": "hostname"
                  },
                  "value": {
                    "type": "StringLiteral",
                    "start": 1254,
                    "end": 1265,
                    "loc": {
                      "start": {
                        "line": 22,
                        "column": 13
                      },
                      "end": {
                        "line": 22,
                        "column": 24
                      }
                    },
                    "extra": {
                      "rawValue": "localhost",
                      "raw": "'localhost'"
                    },
                    "value": "localhost"
                  }
                },
                {
                  "type": "ObjectProperty",
                  "start": 1269,
                  "end": 1284,
                  "loc": {
                    "start": {
                      "line": 23,
                      "column": 2
                    },
                    "end": {
                      "line": 23,
                      "column": 17
                    }
                  },
                  "method": false,
                  "shorthand": false,
                  "computed": false,
                  "key": {
                    "type": "Identifier",
                    "start": 1269,
                    "end": 1273,
                    "loc": {
                      "start": {
                        "line": 23,
                        "column": 2
                      },
                      "end": {
                        "line": 23,
                        "column": 6
                      },
                      "identifierName": "port"
                    },
                    "name": "port"
                  },
                  "value": {
                    "type": "NumericLiteral",
                    "start": 1280,
                    "end": 1284,
                    "loc": {
                      "start": {
                        "line": 23,
                        "column": 13
                      },
                      "end": {
                        "line": 23,
                        "column": 17
                      }
                    },
                    "extra": {
                      "rawValue": 4000,
                      "raw": "4000"
                    },
                    "value": 4000
                  }
                },
                {
                  "type": "ObjectProperty",
                  "start": 1288,
                  "end": 1312,
                  "loc": {
                    "start": {
                      "line": 24,
                      "column": 2
                    },
                    "end": {
                      "line": 24,
                      "column": 26
                    }
                  },
                  "method": false,
                  "shorthand": false,
                  "computed": false,
                  "key": {
                    "type": "Identifier",
                    "start": 1288,
                    "end": 1291,
                    "loc": {
                      "start": {
                        "line": 24,
                        "column": 2
                      },
                      "end": {
                        "line": 24,
                        "column": 5
                      },
                      "identifierName": "env"
                    },
                    "name": "env"
                  },
                  "value": {
                    "type": "StringLiteral",
                    "start": 1299,
                    "end": 1312,
                    "loc": {
                      "start": {
                        "line": 24,
                        "column": 13
                      },
                      "end": {
                        "line": 24,
                        "column": 26
                      }
                    },
                    "extra": {
                      "rawValue": "development",
                      "raw": "'development'"
                    },
                    "value": "development"
                  }
                },
                {
                  "type": "ObjectProperty",
                  "start": 1378,
                  "end": 1396,
                  "loc": {
                    "start": {
                      "line": 27,
                      "column": 2
                    },
                    "end": {
                      "line": 27,
                      "column": 20
                    }
                  },
                  "method": false,
                  "shorthand": false,
                  "computed": false,
                  "key": {
                    "type": "Identifier",
                    "start": 1378,
                    "end": 1382,
                    "loc": {
                      "start": {
                        "line": 27,
                        "column": 2
                      },
                      "end": {
                        "line": 27,
                        "column": 6
                      },
                      "identifierName": "cors"
                    },
                    "name": "cors",
                    "leadingComments": null
                  },
                  "value": {
                    "type": "BooleanLiteral",
                    "start": 1392,
                    "end": 1396,
                    "loc": {
                      "start": {
                        "line": 27,
                        "column": 16
                      },
                      "end": {
                        "line": 27,
                        "column": 20
                      }
                    },
                    "value": true
                  },
                  "leadingComments": [
                    {
                      "type": "CommentLine",
                      "value": " https://github.com/expressjs/cors#configuration-options",
                      "start": 1317,
                      "end": 1375,
                      "loc": {
                        "start": {
                          "line": 26,
                          "column": 2
                        },
                        "end": {
                          "line": 26,
                          "column": 60
                        }
                      }
                    }
                  ]
                },
                {
                  "type": "ObjectProperty",
                  "start": 1400,
                  "end": 1653,
                  "loc": {
                    "start": {
                      "line": 28,
                      "column": 2
                    },
                    "end": {
                      "line": 33,
                      "column": 3
                    }
                  },
                  "method": false,
                  "shorthand": false,
                  "computed": false,
                  "key": {
                    "type": "Identifier",
                    "start": 1400,
                    "end": 1411,
                    "loc": {
                      "start": {
                        "line": 28,
                        "column": 2
                      },
                      "end": {
                        "line": 28,
                        "column": 13
                      },
                      "identifierName": "corsOptions"
                    },
                    "name": "corsOptions"
                  },
                  "value": {
                    "type": "ObjectExpression",
                    "start": 1414,
                    "end": 1653,
                    "loc": {
                      "start": {
                        "line": 28,
                        "column": 16
                      },
                      "end": {
                        "line": 33,
                        "column": 3
                      }
                    },
                    "properties": [
                      {
                        "type": "ObjectProperty",
                        "start": 1420,
                        "end": 1456,
                        "loc": {
                          "start": {
                            "line": 29,
                            "column": 4
                          },
                          "end": {
                            "line": 29,
                            "column": 40
                          }
                        },
                        "method": false,
                        "shorthand": false,
                        "computed": false,
                        "key": {
                          "type": "StringLiteral",
                          "start": 1420,
                          "end": 1428,
                          "loc": {
                            "start": {
                              "line": 29,
                              "column": 4
                            },
                            "end": {
                              "line": 29,
                              "column": 12
                            }
                          },
                          "extra": {
                            "rawValue": "origin",
                            "raw": "'origin'"
                          },
                          "value": "origin"
                        },
                        "value": {
                          "type": "StringLiteral",
                          "start": 1453,
                          "end": 1456,
                          "loc": {
                            "start": {
                              "line": 29,
                              "column": 37
                            },
                            "end": {
                              "line": 29,
                              "column": 40
                            }
                          },
                          "extra": {
                            "rawValue": "*",
                            "raw": "'*'"
                          },
                          "value": "*"
                        }
                      },
                      {
                        "type": "ObjectProperty",
                        "start": 1462,
                        "end": 1524,
                        "loc": {
                          "start": {
                            "line": 30,
                            "column": 4
                          },
                          "end": {
                            "line": 30,
                            "column": 66
                          }
                        },
                        "method": false,
                        "shorthand": false,
                        "computed": false,
                        "key": {
                          "type": "StringLiteral",
                          "start": 1462,
                          "end": 1471,
                          "loc": {
                            "start": {
                              "line": 30,
                              "column": 4
                            },
                            "end": {
                              "line": 30,
                              "column": 13
                            }
                          },
                          "extra": {
                            "rawValue": "methods",
                            "raw": "'methods'"
                          },
                          "value": "methods"
                        },
                        "value": {
                          "type": "StringLiteral",
                          "start": 1495,
                          "end": 1524,
                          "loc": {
                            "start": {
                              "line": 30,
                              "column": 37
                            },
                            "end": {
                              "line": 30,
                              "column": 66
                            }
                          },
                          "extra": {
                            "rawValue": "GET,POST,PUT,DELETE,OPTIONS",
                            "raw": "'GET,POST,PUT,DELETE,OPTIONS'"
                          },
                          "value": "GET,POST,PUT,DELETE,OPTIONS"
                        }
                      },
                      {
                        "type": "ObjectProperty",
                        "start": 1530,
                        "end": 1567,
                        "loc": {
                          "start": {
                            "line": 31,
                            "column": 4
                          },
                          "end": {
                            "line": 31,
                            "column": 41
                          }
                        },
                        "method": false,
                        "shorthand": false,
                        "computed": false,
                        "key": {
                          "type": "StringLiteral",
                          "start": 1530,
                          "end": 1549,
                          "loc": {
                            "start": {
                              "line": 31,
                              "column": 4
                            },
                            "end": {
                              "line": 31,
                              "column": 23
                            }
                          },
                          "extra": {
                            "rawValue": "preflightContinue",
                            "raw": "'preflightContinue'"
                          },
                          "value": "preflightContinue"
                        },
                        "value": {
                          "type": "BooleanLiteral",
                          "start": 1563,
                          "end": 1567,
                          "loc": {
                            "start": {
                              "line": 31,
                              "column": 37
                            },
                            "end": {
                              "line": 31,
                              "column": 41
                            }
                          },
                          "value": true
                        }
                      },
                      {
                        "type": "ObjectProperty",
                        "start": 1573,
                        "end": 1649,
                        "loc": {
                          "start": {
                            "line": 32,
                            "column": 4
                          },
                          "end": {
                            "line": 32,
                            "column": 80
                          }
                        },
                        "method": false,
                        "shorthand": false,
                        "computed": false,
                        "key": {
                          "type": "StringLiteral",
                          "start": 1573,
                          "end": 1603,
                          "loc": {
                            "start": {
                              "line": 32,
                              "column": 4
                            },
                            "end": {
                              "line": 32,
                              "column": 34
                            }
                          },
                          "extra": {
                            "rawValue": "Access-Control-Allow-Headers",
                            "raw": "'Access-Control-Allow-Headers'"
                          },
                          "value": "Access-Control-Allow-Headers"
                        },
                        "value": {
                          "type": "StringLiteral",
                          "start": 1606,
                          "end": 1649,
                          "loc": {
                            "start": {
                              "line": 32,
                              "column": 37
                            },
                            "end": {
                              "line": 32,
                              "column": 80
                            }
                          },
                          "extra": {
                            "rawValue": "Authorization,Content-Type,Content-Length",
                            "raw": "'Authorization,Content-Type,Content-Length'"
                          },
                          "value": "Authorization,Content-Type,Content-Length"
                        }
                      }
                    ]
                  }
                },
                {
                  "type": "ObjectProperty",
                  "start": 1696,
                  "end": 1716,
                  "loc": {
                    "start": {
                      "line": 36,
                      "column": 2
                    },
                    "end": {
                      "line": 36,
                      "column": 22
                    }
                  },
                  "method": false,
                  "shorthand": false,
                  "computed": false,
                  "key": {
                    "type": "Identifier",
                    "start": 1696,
                    "end": 1702,
                    "loc": {
                      "start": {
                        "line": 36,
                        "column": 2
                      },
                      "end": {
                        "line": 36,
                        "column": 8
                      },
                      "identifierName": "helmet"
                    },
                    "name": "helmet",
                    "leadingComments": null
                  },
                  "value": {
                    "type": "BooleanLiteral",
                    "start": 1712,
                    "end": 1716,
                    "loc": {
                      "start": {
                        "line": 36,
                        "column": 18
                      },
                      "end": {
                        "line": 36,
                        "column": 22
                      }
                    },
                    "value": true
                  },
                  "leadingComments": [
                    {
                      "type": "CommentLine",
                      "value": " https://helmetjs.github.io/docs/",
                      "start": 1658,
                      "end": 1693,
                      "loc": {
                        "start": {
                          "line": 35,
                          "column": 2
                        },
                        "end": {
                          "line": 35,
                          "column": 37
                        }
                      }
                    }
                  ]
                },
                {
                  "type": "ObjectProperty",
                  "start": 1720,
                  "end": 1738,
                  "loc": {
                    "start": {
                      "line": 37,
                      "column": 2
                    },
                    "end": {
                      "line": 37,
                      "column": 20
                    }
                  },
                  "method": false,
                  "shorthand": false,
                  "computed": false,
                  "key": {
                    "type": "Identifier",
                    "start": 1720,
                    "end": 1733,
                    "loc": {
                      "start": {
                        "line": 37,
                        "column": 2
                      },
                      "end": {
                        "line": 37,
                        "column": 15
                      },
                      "identifierName": "helmetOptions"
                    },
                    "name": "helmetOptions"
                  },
                  "value": {
                    "type": "ObjectExpression",
                    "start": 1736,
                    "end": 1738,
                    "loc": {
                      "start": {
                        "line": 37,
                        "column": 18
                      },
                      "end": {
                        "line": 37,
                        "column": 20
                      }
                    },
                    "properties": []
                  }
                },
                {
                  "type": "ObjectProperty",
                  "start": 1831,
                  "end": 1851,
                  "loc": {
                    "start": {
                      "line": 40,
                      "column": 2
                    },
                    "end": {
                      "line": 40,
                      "column": 22
                    }
                  },
                  "method": false,
                  "shorthand": false,
                  "computed": false,
                  "key": {
                    "type": "Identifier",
                    "start": 1831,
                    "end": 1836,
                    "loc": {
                      "start": {
                        "line": 40,
                        "column": 2
                      },
                      "end": {
                        "line": 40,
                        "column": 7
                      },
                      "identifierName": "https"
                    },
                    "name": "https",
                    "leadingComments": null
                  },
                  "value": {
                    "type": "BooleanLiteral",
                    "start": 1846,
                    "end": 1851,
                    "loc": {
                      "start": {
                        "line": 40,
                        "column": 17
                      },
                      "end": {
                        "line": 40,
                        "column": 22
                      }
                    },
                    "value": false
                  },
                  "leadingComments": [
                    {
                      "type": "CommentLine",
                      "value": " https://nodejs.org/api/https.html#https_https_createserver_options_requestlistener",
                      "start": 1743,
                      "end": 1828,
                      "loc": {
                        "start": {
                          "line": 39,
                          "column": 2
                        },
                        "end": {
                          "line": 39,
                          "column": 87
                        }
                      }
                    }
                  ]
                },
                {
                  "type": "ObjectProperty",
                  "start": 1855,
                  "end": 1872,
                  "loc": {
                    "start": {
                      "line": 41,
                      "column": 2
                    },
                    "end": {
                      "line": 41,
                      "column": 19
                    }
                  },
                  "method": false,
                  "shorthand": false,
                  "computed": false,
                  "key": {
                    "type": "Identifier",
                    "start": 1855,
                    "end": 1867,
                    "loc": {
                      "start": {
                        "line": 41,
                        "column": 2
                      },
                      "end": {
                        "line": 41,
                        "column": 14
                      },
                      "identifierName": "httpsOptions"
                    },
                    "name": "httpsOptions"
                  },
                  "value": {
                    "type": "ObjectExpression",
                    "start": 1870,
                    "end": 1872,
                    "loc": {
                      "start": {
                        "line": 41,
                        "column": 17
                      },
                      "end": {
                        "line": 41,
                        "column": 19
                      }
                    },
                    "properties": []
                  }
                }
              ]
            },
            "leadingComments": null
          }
        ],
        "kind": "const",
        "leadingComments": [
          {
            "type": "CommentBlock",
            "value": "*\n* Configuración por defecto del servidor.\n* @type {Object}\n* @property {Boolean} start=true           - Habilita la carga de los componentes del servidor.\n* @property {Boolean} listen=true          - Habilita el listen del servidor cuando se ejecuta la aplicación.\n* @property {String}  protocol='http'      - Protocolo. Valor asignado automáticamente según la propiedad 'SERVER.https'\n* @property {String}  hostname='localhost' - Nombre del host.\n* @property {String}  port=4000            - Puerto del servidor.\n* @property {String}  env='development'    - Entorno de ejecución.\n* @property {Boolean} cors=true            - Habilita los cors.\n* @property {Object}  corsOptions          - Configuración de los cors. Mas información en: https://github.com/expressjs/cors\n* @property {Boolean} helmet=true          - Habilita la librería helmet.\n* @property {Object}  helmetOptions        - Configuración de helmet. Mas información en: https://github.com/helmetjs/helmet\n* @property {Boolean} https=false          - Habilita la ejecución por https.\n* @property {Object}  httpsOptions         - Opciones de configuración del servidor cuando se ejecuta por https.\n",
            "start": 0,
            "end": 1167,
            "loc": {
              "start": {
                "line": 1,
                "column": 0
              },
              "end": {
                "line": 16,
                "column": 2
              }
            }
          }
        ]
      },
      {
        "type": "ExpressionStatement",
        "start": 1876,
        "end": 1899,
        "loc": {
          "start": {
            "line": 44,
            "column": 0
          },
          "end": {
            "line": 44,
            "column": 23
          }
        },
        "expression": {
          "type": "AssignmentExpression",
          "start": 1876,
          "end": 1899,
          "loc": {
            "start": {
              "line": 44,
              "column": 0
            },
            "end": {
              "line": 44,
              "column": 23
            }
          },
          "operator": "=",
          "left": {
            "type": "MemberExpression",
            "start": 1876,
            "end": 1890,
            "loc": {
              "start": {
                "line": 44,
                "column": 0
              },
              "end": {
                "line": 44,
                "column": 14
              }
            },
            "object": {
              "type": "Identifier",
              "start": 1876,
              "end": 1882,
              "loc": {
                "start": {
                  "line": 44,
                  "column": 0
                },
                "end": {
                  "line": 44,
                  "column": 6
                },
                "identifierName": "module"
              },
              "name": "module"
            },
            "property": {
              "type": "Identifier",
              "start": 1883,
              "end": 1890,
              "loc": {
                "start": {
                  "line": 44,
                  "column": 7
                },
                "end": {
                  "line": 44,
                  "column": 14
                },
                "identifierName": "exports"
              },
              "name": "exports"
            },
            "computed": false
          },
          "right": {
            "type": "Identifier",
            "start": 1893,
            "end": 1899,
            "loc": {
              "start": {
                "line": 44,
                "column": 17
              },
              "end": {
                "line": 44,
                "column": 23
              },
              "identifierName": "SERVER"
            },
            "name": "SERVER"
          }
        }
      }
    ],
    "directives": []
  },
  "comments": [
    {
      "type": "CommentBlock",
      "value": "*\n* Configuración por defecto del servidor.\n* @type {Object}\n* @property {Boolean} start=true           - Habilita la carga de los componentes del servidor.\n* @property {Boolean} listen=true          - Habilita el listen del servidor cuando se ejecuta la aplicación.\n* @property {String}  protocol='http'      - Protocolo. Valor asignado automáticamente según la propiedad 'SERVER.https'\n* @property {String}  hostname='localhost' - Nombre del host.\n* @property {String}  port=4000            - Puerto del servidor.\n* @property {String}  env='development'    - Entorno de ejecución.\n* @property {Boolean} cors=true            - Habilita los cors.\n* @property {Object}  corsOptions          - Configuración de los cors. Mas información en: https://github.com/expressjs/cors\n* @property {Boolean} helmet=true          - Habilita la librería helmet.\n* @property {Object}  helmetOptions        - Configuración de helmet. Mas información en: https://github.com/helmetjs/helmet\n* @property {Boolean} https=false          - Habilita la ejecución por https.\n* @property {Object}  httpsOptions         - Opciones de configuración del servidor cuando se ejecuta por https.\n",
      "start": 0,
      "end": 1167,
      "loc": {
        "start": {
          "line": 1,
          "column": 0
        },
        "end": {
          "line": 16,
          "column": 2
        }
      }
    },
    {
      "type": "CommentLine",
      "value": " https://github.com/expressjs/cors#configuration-options",
      "start": 1317,
      "end": 1375,
      "loc": {
        "start": {
          "line": 26,
          "column": 2
        },
        "end": {
          "line": 26,
          "column": 60
        }
      }
    },
    {
      "type": "CommentLine",
      "value": " https://helmetjs.github.io/docs/",
      "start": 1658,
      "end": 1693,
      "loc": {
        "start": {
          "line": 35,
          "column": 2
        },
        "end": {
          "line": 35,
          "column": 37
        }
      }
    },
    {
      "type": "CommentLine",
      "value": " https://nodejs.org/api/https.html#https_https_createserver_options_requestlistener",
      "start": 1743,
      "end": 1828,
      "loc": {
        "start": {
          "line": 39,
          "column": 2
        },
        "end": {
          "line": 39,
          "column": 87
        }
      }
    }
  ],
  "tokens": [
    {
      "type": "CommentBlock",
      "value": "*\n* Configuración por defecto del servidor.\n* @type {Object}\n* @property {Boolean} start=true           - Habilita la carga de los componentes del servidor.\n* @property {Boolean} listen=true          - Habilita el listen del servidor cuando se ejecuta la aplicación.\n* @property {String}  protocol='http'      - Protocolo. Valor asignado automáticamente según la propiedad 'SERVER.https'\n* @property {String}  hostname='localhost' - Nombre del host.\n* @property {String}  port=4000            - Puerto del servidor.\n* @property {String}  env='development'    - Entorno de ejecución.\n* @property {Boolean} cors=true            - Habilita los cors.\n* @property {Object}  corsOptions          - Configuración de los cors. Mas información en: https://github.com/expressjs/cors\n* @property {Boolean} helmet=true          - Habilita la librería helmet.\n* @property {Object}  helmetOptions        - Configuración de helmet. Mas información en: https://github.com/helmetjs/helmet\n* @property {Boolean} https=false          - Habilita la ejecución por https.\n* @property {Object}  httpsOptions         - Opciones de configuración del servidor cuando se ejecuta por https.\n",
      "start": 0,
      "end": 1167,
      "loc": {
        "start": {
          "line": 1,
          "column": 0
        },
        "end": {
          "line": 16,
          "column": 2
        }
      }
    },
    {
      "type": {
        "label": "const",
        "keyword": "const",
        "beforeExpr": false,
        "startsExpr": false,
        "rightAssociative": false,
        "isLoop": false,
        "isAssign": false,
        "prefix": false,
        "postfix": false,
        "binop": null,
        "updateContext": null
      },
      "value": "const",
      "start": 1168,
      "end": 1173,
      "loc": {
        "start": {
          "line": 17,
          "column": 0
        },
        "end": {
          "line": 17,
          "column": 5
        }
      }
    },
    {
      "type": {
        "label": "name",
        "beforeExpr": false,
        "startsExpr": true,
        "rightAssociative": false,
        "isLoop": false,
        "isAssign": false,
        "prefix": false,
        "postfix": false,
        "binop": null
      },
      "value": "SERVER",
      "start": 1174,
      "end": 1180,
      "loc": {
        "start": {
          "line": 17,
          "column": 6
        },
        "end": {
          "line": 17,
          "column": 12
        }
      }
    },
    {
      "type": {
        "label": "=",
        "beforeExpr": true,
        "startsExpr": false,
        "rightAssociative": false,
        "isLoop": false,
        "isAssign": true,
        "prefix": false,
        "postfix": false,
        "binop": null,
        "updateContext": null
      },
      "value": "=",
      "start": 1181,
      "end": 1182,
      "loc": {
        "start": {
          "line": 17,
          "column": 13
        },
        "end": {
          "line": 17,
          "column": 14
        }
      }
    },
    {
      "type": {
        "label": "{",
        "beforeExpr": true,
        "startsExpr": true,
        "rightAssociative": false,
        "isLoop": false,
        "isAssign": false,
        "prefix": false,
        "postfix": false,
        "binop": null
      },
      "start": 1183,
      "end": 1184,
      "loc": {
        "start": {
          "line": 17,
          "column": 15
        },
        "end": {
          "line": 17,
          "column": 16
        }
      }
    },
    {
      "type": {
        "label": "name",
        "beforeExpr": false,
        "startsExpr": true,
        "rightAssociative": false,
        "isLoop": false,
        "isAssign": false,
        "prefix": false,
        "postfix": false,
        "binop": null
      },
      "value": "start",
      "start": 1187,
      "end": 1192,
      "loc": {
        "start": {
          "line": 18,
          "column": 2
        },
        "end": {
          "line": 18,
          "column": 7
        }
      }
    },
    {
      "type": {
        "label": ":",
        "beforeExpr": true,
        "startsExpr": false,
        "rightAssociative": false,
        "isLoop": false,
        "isAssign": false,
        "prefix": false,
        "postfix": false,
        "binop": null,
        "updateContext": null
      },
      "start": 1194,
      "end": 1195,
      "loc": {
        "start": {
          "line": 18,
          "column": 9
        },
        "end": {
          "line": 18,
          "column": 10
        }
      }
    },
    {
      "type": {
        "label": "true",
        "keyword": "true",
        "beforeExpr": false,
        "startsExpr": true,
        "rightAssociative": false,
        "isLoop": false,
        "isAssign": false,
        "prefix": false,
        "postfix": false,
        "binop": null,
        "updateContext": null
      },
      "value": "true",
      "start": 1196,
      "end": 1200,
      "loc": {
        "start": {
          "line": 18,
          "column": 11
        },
        "end": {
          "line": 18,
          "column": 15
        }
      }
    },
    {
      "type": {
        "label": ",",
        "beforeExpr": true,
        "startsExpr": false,
        "rightAssociative": false,
        "isLoop": false,
        "isAssign": false,
        "prefix": false,
        "postfix": false,
        "binop": null,
        "updateContext": null
      },
      "start": 1200,
      "end": 1201,
      "loc": {
        "start": {
          "line": 18,
          "column": 15
        },
        "end": {
          "line": 18,
          "column": 16
        }
      }
    },
    {
      "type": {
        "label": "name",
        "beforeExpr": false,
        "startsExpr": true,
        "rightAssociative": false,
        "isLoop": false,
        "isAssign": false,
        "prefix": false,
        "postfix": false,
        "binop": null
      },
      "value": "listen",
      "start": 1204,
      "end": 1210,
      "loc": {
        "start": {
          "line": 19,
          "column": 2
        },
        "end": {
          "line": 19,
          "column": 8
        }
      }
    },
    {
      "type": {
        "label": ":",
        "beforeExpr": true,
        "startsExpr": false,
        "rightAssociative": false,
        "isLoop": false,
        "isAssign": false,
        "prefix": false,
        "postfix": false,
        "binop": null,
        "updateContext": null
      },
      "start": 1211,
      "end": 1212,
      "loc": {
        "start": {
          "line": 19,
          "column": 9
        },
        "end": {
          "line": 19,
          "column": 10
        }
      }
    },
    {
      "type": {
        "label": "true",
        "keyword": "true",
        "beforeExpr": false,
        "startsExpr": true,
        "rightAssociative": false,
        "isLoop": false,
        "isAssign": false,
        "prefix": false,
        "postfix": false,
        "binop": null,
        "updateContext": null
      },
      "value": "true",
      "start": 1213,
      "end": 1217,
      "loc": {
        "start": {
          "line": 19,
          "column": 11
        },
        "end": {
          "line": 19,
          "column": 15
        }
      }
    },
    {
      "type": {
        "label": ",",
        "beforeExpr": true,
        "startsExpr": false,
        "rightAssociative": false,
        "isLoop": false,
        "isAssign": false,
        "prefix": false,
        "postfix": false,
        "binop": null,
        "updateContext": null
      },
      "start": 1217,
      "end": 1218,
      "loc": {
        "start": {
          "line": 19,
          "column": 15
        },
        "end": {
          "line": 19,
          "column": 16
        }
      }
    },
    {
      "type": {
        "label": "name",
        "beforeExpr": false,
        "startsExpr": true,
        "rightAssociative": false,
        "isLoop": false,
        "isAssign": false,
        "prefix": false,
        "postfix": false,
        "binop": null
      },
      "value": "protocol",
      "start": 1222,
      "end": 1230,
      "loc": {
        "start": {
          "line": 21,
          "column": 2
        },
        "end": {
          "line": 21,
          "column": 10
        }
      }
    },
    {
      "type": {
        "label": ":",
        "beforeExpr": true,
        "startsExpr": false,
        "rightAssociative": false,
        "isLoop": false,
        "isAssign": false,
        "prefix": false,
        "postfix": false,
        "binop": null,
        "updateContext": null
      },
      "start": 1231,
      "end": 1232,
      "loc": {
        "start": {
          "line": 21,
          "column": 11
        },
        "end": {
          "line": 21,
          "column": 12
        }
      }
    },
    {
      "type": {
        "label": "string",
        "beforeExpr": false,
        "startsExpr": true,
        "rightAssociative": false,
        "isLoop": false,
        "isAssign": false,
        "prefix": false,
        "postfix": false,
        "binop": null,
        "updateContext": null
      },
      "value": "http",
      "start": 1233,
      "end": 1239,
      "loc": {
        "start": {
          "line": 21,
          "column": 13
        },
        "end": {
          "line": 21,
          "column": 19
        }
      }
    },
    {
      "type": {
        "label": ",",
        "beforeExpr": true,
        "startsExpr": false,
        "rightAssociative": false,
        "isLoop": false,
        "isAssign": false,
        "prefix": false,
        "postfix": false,
        "binop": null,
        "updateContext": null
      },
      "start": 1239,
      "end": 1240,
      "loc": {
        "start": {
          "line": 21,
          "column": 19
        },
        "end": {
          "line": 21,
          "column": 20
        }
      }
    },
    {
      "type": {
        "label": "name",
        "beforeExpr": false,
        "startsExpr": true,
        "rightAssociative": false,
        "isLoop": false,
        "isAssign": false,
        "prefix": false,
        "postfix": false,
        "binop": null
      },
      "value": "hostname",
      "start": 1243,
      "end": 1251,
      "loc": {
        "start": {
          "line": 22,
          "column": 2
        },
        "end": {
          "line": 22,
          "column": 10
        }
      }
    },
    {
      "type": {
        "label": ":",
        "beforeExpr": true,
        "startsExpr": false,
        "rightAssociative": false,
        "isLoop": false,
        "isAssign": false,
        "prefix": false,
        "postfix": false,
        "binop": null,
        "updateContext": null
      },
      "start": 1252,
      "end": 1253,
      "loc": {
        "start": {
          "line": 22,
          "column": 11
        },
        "end": {
          "line": 22,
          "column": 12
        }
      }
    },
    {
      "type": {
        "label": "string",
        "beforeExpr": false,
        "startsExpr": true,
        "rightAssociative": false,
        "isLoop": false,
        "isAssign": false,
        "prefix": false,
        "postfix": false,
        "binop": null,
        "updateContext": null
      },
      "value": "localhost",
      "start": 1254,
      "end": 1265,
      "loc": {
        "start": {
          "line": 22,
          "column": 13
        },
        "end": {
          "line": 22,
          "column": 24
        }
      }
    },
    {
      "type": {
        "label": ",",
        "beforeExpr": true,
        "startsExpr": false,
        "rightAssociative": false,
        "isLoop": false,
        "isAssign": false,
        "prefix": false,
        "postfix": false,
        "binop": null,
        "updateContext": null
      },
      "start": 1265,
      "end": 1266,
      "loc": {
        "start": {
          "line": 22,
          "column": 24
        },
        "end": {
          "line": 22,
          "column": 25
        }
      }
    },
    {
      "type": {
        "label": "name",
        "beforeExpr": false,
        "startsExpr": true,
        "rightAssociative": false,
        "isLoop": false,
        "isAssign": false,
        "prefix": false,
        "postfix": false,
        "binop": null
      },
      "value": "port",
      "start": 1269,
      "end": 1273,
      "loc": {
        "start": {
          "line": 23,
          "column": 2
        },
        "end": {
          "line": 23,
          "column": 6
        }
      }
    },
    {
      "type": {
        "label": ":",
        "beforeExpr": true,
        "startsExpr": false,
        "rightAssociative": false,
        "isLoop": false,
        "isAssign": false,
        "prefix": false,
        "postfix": false,
        "binop": null,
        "updateContext": null
      },
      "start": 1278,
      "end": 1279,
      "loc": {
        "start": {
          "line": 23,
          "column": 11
        },
        "end": {
          "line": 23,
          "column": 12
        }
      }
    },
    {
      "type": {
        "label": "num",
        "beforeExpr": false,
        "startsExpr": true,
        "rightAssociative": false,
        "isLoop": false,
        "isAssign": false,
        "prefix": false,
        "postfix": false,
        "binop": null,
        "updateContext": null
      },
      "value": 4000,
      "start": 1280,
      "end": 1284,
      "loc": {
        "start": {
          "line": 23,
          "column": 13
        },
        "end": {
          "line": 23,
          "column": 17
        }
      }
    },
    {
      "type": {
        "label": ",",
        "beforeExpr": true,
        "startsExpr": false,
        "rightAssociative": false,
        "isLoop": false,
        "isAssign": false,
        "prefix": false,
        "postfix": false,
        "binop": null,
        "updateContext": null
      },
      "start": 1284,
      "end": 1285,
      "loc": {
        "start": {
          "line": 23,
          "column": 17
        },
        "end": {
          "line": 23,
          "column": 18
        }
      }
    },
    {
      "type": {
        "label": "name",
        "beforeExpr": false,
        "startsExpr": true,
        "rightAssociative": false,
        "isLoop": false,
        "isAssign": false,
        "prefix": false,
        "postfix": false,
        "binop": null
      },
      "value": "env",
      "start": 1288,
      "end": 1291,
      "loc": {
        "start": {
          "line": 24,
          "column": 2
        },
        "end": {
          "line": 24,
          "column": 5
        }
      }
    },
    {
      "type": {
        "label": ":",
        "beforeExpr": true,
        "startsExpr": false,
        "rightAssociative": false,
        "isLoop": false,
        "isAssign": false,
        "prefix": false,
        "postfix": false,
        "binop": null,
        "updateContext": null
      },
      "start": 1297,
      "end": 1298,
      "loc": {
        "start": {
          "line": 24,
          "column": 11
        },
        "end": {
          "line": 24,
          "column": 12
        }
      }
    },
    {
      "type": {
        "label": "string",
        "beforeExpr": false,
        "startsExpr": true,
        "rightAssociative": false,
        "isLoop": false,
        "isAssign": false,
        "prefix": false,
        "postfix": false,
        "binop": null,
        "updateContext": null
      },
      "value": "development",
      "start": 1299,
      "end": 1312,
      "loc": {
        "start": {
          "line": 24,
          "column": 13
        },
        "end": {
          "line": 24,
          "column": 26
        }
      }
    },
    {
      "type": {
        "label": ",",
        "beforeExpr": true,
        "startsExpr": false,
        "rightAssociative": false,
        "isLoop": false,
        "isAssign": false,
        "prefix": false,
        "postfix": false,
        "binop": null,
        "updateContext": null
      },
      "start": 1312,
      "end": 1313,
      "loc": {
        "start": {
          "line": 24,
          "column": 26
        },
        "end": {
          "line": 24,
          "column": 27
        }
      }
    },
    {
      "type": "CommentLine",
      "value": " https://github.com/expressjs/cors#configuration-options",
      "start": 1317,
      "end": 1375,
      "loc": {
        "start": {
          "line": 26,
          "column": 2
        },
        "end": {
          "line": 26,
          "column": 60
        }
      }
    },
    {
      "type": {
        "label": "name",
        "beforeExpr": false,
        "startsExpr": true,
        "rightAssociative": false,
        "isLoop": false,
        "isAssign": false,
        "prefix": false,
        "postfix": false,
        "binop": null
      },
      "value": "cors",
      "start": 1378,
      "end": 1382,
      "loc": {
        "start": {
          "line": 27,
          "column": 2
        },
        "end": {
          "line": 27,
          "column": 6
        }
      }
    },
    {
      "type": {
        "label": ":",
        "beforeExpr": true,
        "startsExpr": false,
        "rightAssociative": false,
        "isLoop": false,
        "isAssign": false,
        "prefix": false,
        "postfix": false,
        "binop": null,
        "updateContext": null
      },
      "start": 1390,
      "end": 1391,
      "loc": {
        "start": {
          "line": 27,
          "column": 14
        },
        "end": {
          "line": 27,
          "column": 15
        }
      }
    },
    {
      "type": {
        "label": "true",
        "keyword": "true",
        "beforeExpr": false,
        "startsExpr": true,
        "rightAssociative": false,
        "isLoop": false,
        "isAssign": false,
        "prefix": false,
        "postfix": false,
        "binop": null,
        "updateContext": null
      },
      "value": "true",
      "start": 1392,
      "end": 1396,
      "loc": {
        "start": {
          "line": 27,
          "column": 16
        },
        "end": {
          "line": 27,
          "column": 20
        }
      }
    },
    {
      "type": {
        "label": ",",
        "beforeExpr": true,
        "startsExpr": false,
        "rightAssociative": false,
        "isLoop": false,
        "isAssign": false,
        "prefix": false,
        "postfix": false,
        "binop": null,
        "updateContext": null
      },
      "start": 1396,
      "end": 1397,
      "loc": {
        "start": {
          "line": 27,
          "column": 20
        },
        "end": {
          "line": 27,
          "column": 21
        }
      }
    },
    {
      "type": {
        "label": "name",
        "beforeExpr": false,
        "startsExpr": true,
        "rightAssociative": false,
        "isLoop": false,
        "isAssign": false,
        "prefix": false,
        "postfix": false,
        "binop": null
      },
      "value": "corsOptions",
      "start": 1400,
      "end": 1411,
      "loc": {
        "start": {
          "line": 28,
          "column": 2
        },
        "end": {
          "line": 28,
          "column": 13
        }
      }
    },
    {
      "type": {
        "label": ":",
        "beforeExpr": true,
        "startsExpr": false,
        "rightAssociative": false,
        "isLoop": false,
        "isAssign": false,
        "prefix": false,
        "postfix": false,
        "binop": null,
        "updateContext": null
      },
      "start": 1412,
      "end": 1413,
      "loc": {
        "start": {
          "line": 28,
          "column": 14
        },
        "end": {
          "line": 28,
          "column": 15
        }
      }
    },
    {
      "type": {
        "label": "{",
        "beforeExpr": true,
        "startsExpr": true,
        "rightAssociative": false,
        "isLoop": false,
        "isAssign": false,
        "prefix": false,
        "postfix": false,
        "binop": null
      },
      "start": 1414,
      "end": 1415,
      "loc": {
        "start": {
          "line": 28,
          "column": 16
        },
        "end": {
          "line": 28,
          "column": 17
        }
      }
    },
    {
      "type": {
        "label": "string",
        "beforeExpr": false,
        "startsExpr": true,
        "rightAssociative": false,
        "isLoop": false,
        "isAssign": false,
        "prefix": false,
        "postfix": false,
        "binop": null,
        "updateContext": null
      },
      "value": "origin",
      "start": 1420,
      "end": 1428,
      "loc": {
        "start": {
          "line": 29,
          "column": 4
        },
        "end": {
          "line": 29,
          "column": 12
        }
      }
    },
    {
      "type": {
        "label": ":",
        "beforeExpr": true,
        "startsExpr": false,
        "rightAssociative": false,
        "isLoop": false,
        "isAssign": false,
        "prefix": false,
        "postfix": false,
        "binop": null,
        "updateContext": null
      },
      "start": 1451,
      "end": 1452,
      "loc": {
        "start": {
          "line": 29,
          "column": 35
        },
        "end": {
          "line": 29,
          "column": 36
        }
      }
    },
    {
      "type": {
        "label": "string",
        "beforeExpr": false,
        "startsExpr": true,
        "rightAssociative": false,
        "isLoop": false,
        "isAssign": false,
        "prefix": false,
        "postfix": false,
        "binop": null,
        "updateContext": null
      },
      "value": "*",
      "start": 1453,
      "end": 1456,
      "loc": {
        "start": {
          "line": 29,
          "column": 37
        },
        "end": {
          "line": 29,
          "column": 40
        }
      }
    },
    {
      "type": {
        "label": ",",
        "beforeExpr": true,
        "startsExpr": false,
        "rightAssociative": false,
        "isLoop": false,
        "isAssign": false,
        "prefix": false,
        "postfix": false,
        "binop": null,
        "updateContext": null
      },
      "start": 1456,
      "end": 1457,
      "loc": {
        "start": {
          "line": 29,
          "column": 40
        },
        "end": {
          "line": 29,
          "column": 41
        }
      }
    },
    {
      "type": {
        "label": "string",
        "beforeExpr": false,
        "startsExpr": true,
        "rightAssociative": false,
        "isLoop": false,
        "isAssign": false,
        "prefix": false,
        "postfix": false,
        "binop": null,
        "updateContext": null
      },
      "value": "methods",
      "start": 1462,
      "end": 1471,
      "loc": {
        "start": {
          "line": 30,
          "column": 4
        },
        "end": {
          "line": 30,
          "column": 13
        }
      }
    },
    {
      "type": {
        "label": ":",
        "beforeExpr": true,
        "startsExpr": false,
        "rightAssociative": false,
        "isLoop": false,
        "isAssign": false,
        "prefix": false,
        "postfix": false,
        "binop": null,
        "updateContext": null
      },
      "start": 1493,
      "end": 1494,
      "loc": {
        "start": {
          "line": 30,
          "column": 35
        },
        "end": {
          "line": 30,
          "column": 36
        }
      }
    },
    {
      "type": {
        "label": "string",
        "beforeExpr": false,
        "startsExpr": true,
        "rightAssociative": false,
        "isLoop": false,
        "isAssign": false,
        "prefix": false,
        "postfix": false,
        "binop": null,
        "updateContext": null
      },
      "value": "GET,POST,PUT,DELETE,OPTIONS",
      "start": 1495,
      "end": 1524,
      "loc": {
        "start": {
          "line": 30,
          "column": 37
        },
        "end": {
          "line": 30,
          "column": 66
        }
      }
    },
    {
      "type": {
        "label": ",",
        "beforeExpr": true,
        "startsExpr": false,
        "rightAssociative": false,
        "isLoop": false,
        "isAssign": false,
        "prefix": false,
        "postfix": false,
        "binop": null,
        "updateContext": null
      },
      "start": 1524,
      "end": 1525,
      "loc": {
        "start": {
          "line": 30,
          "column": 66
        },
        "end": {
          "line": 30,
          "column": 67
        }
      }
    },
    {
      "type": {
        "label": "string",
        "beforeExpr": false,
        "startsExpr": true,
        "rightAssociative": false,
        "isLoop": false,
        "isAssign": false,
        "prefix": false,
        "postfix": false,
        "binop": null,
        "updateContext": null
      },
      "value": "preflightContinue",
      "start": 1530,
      "end": 1549,
      "loc": {
        "start": {
          "line": 31,
          "column": 4
        },
        "end": {
          "line": 31,
          "column": 23
        }
      }
    },
    {
      "type": {
        "label": ":",
        "beforeExpr": true,
        "startsExpr": false,
        "rightAssociative": false,
        "isLoop": false,
        "isAssign": false,
        "prefix": false,
        "postfix": false,
        "binop": null,
        "updateContext": null
      },
      "start": 1561,
      "end": 1562,
      "loc": {
        "start": {
          "line": 31,
          "column": 35
        },
        "end": {
          "line": 31,
          "column": 36
        }
      }
    },
    {
      "type": {
        "label": "true",
        "keyword": "true",
        "beforeExpr": false,
        "startsExpr": true,
        "rightAssociative": false,
        "isLoop": false,
        "isAssign": false,
        "prefix": false,
        "postfix": false,
        "binop": null,
        "updateContext": null
      },
      "value": "true",
      "start": 1563,
      "end": 1567,
      "loc": {
        "start": {
          "line": 31,
          "column": 37
        },
        "end": {
          "line": 31,
          "column": 41
        }
      }
    },
    {
      "type": {
        "label": ",",
        "beforeExpr": true,
        "startsExpr": false,
        "rightAssociative": false,
        "isLoop": false,
        "isAssign": false,
        "prefix": false,
        "postfix": false,
        "binop": null,
        "updateContext": null
      },
      "start": 1567,
      "end": 1568,
      "loc": {
        "start": {
          "line": 31,
          "column": 41
        },
        "end": {
          "line": 31,
          "column": 42
        }
      }
    },
    {
      "type": {
        "label": "string",
        "beforeExpr": false,
        "startsExpr": true,
        "rightAssociative": false,
        "isLoop": false,
        "isAssign": false,
        "prefix": false,
        "postfix": false,
        "binop": null,
        "updateContext": null
      },
      "value": "Access-Control-Allow-Headers",
      "start": 1573,
      "end": 1603,
      "loc": {
        "start": {
          "line": 32,
          "column": 4
        },
        "end": {
          "line": 32,
          "column": 34
        }
      }
    },
    {
      "type": {
        "label": ":",
        "beforeExpr": true,
        "startsExpr": false,
        "rightAssociative": false,
        "isLoop": false,
        "isAssign": false,
        "prefix": false,
        "postfix": false,
        "binop": null,
        "updateContext": null
      },
      "start": 1604,
      "end": 1605,
      "loc": {
        "start": {
          "line": 32,
          "column": 35
        },
        "end": {
          "line": 32,
          "column": 36
        }
      }
    },
    {
      "type": {
        "label": "string",
        "beforeExpr": false,
        "startsExpr": true,
        "rightAssociative": false,
        "isLoop": false,
        "isAssign": false,
        "prefix": false,
        "postfix": false,
        "binop": null,
        "updateContext": null
      },
      "value": "Authorization,Content-Type,Content-Length",
      "start": 1606,
      "end": 1649,
      "loc": {
        "start": {
          "line": 32,
          "column": 37
        },
        "end": {
          "line": 32,
          "column": 80
        }
      }
    },
    {
      "type": {
        "label": "}",
        "beforeExpr": false,
        "startsExpr": false,
        "rightAssociative": false,
        "isLoop": false,
        "isAssign": false,
        "prefix": false,
        "postfix": false,
        "binop": null
      },
      "start": 1652,
      "end": 1653,
      "loc": {
        "start": {
          "line": 33,
          "column": 2
        },
        "end": {
          "line": 33,
          "column": 3
        }
      }
    },
    {
      "type": {
        "label": ",",
        "beforeExpr": true,
        "startsExpr": false,
        "rightAssociative": false,
        "isLoop": false,
        "isAssign": false,
        "prefix": false,
        "postfix": false,
        "binop": null,
        "updateContext": null
      },
      "start": 1653,
      "end": 1654,
      "loc": {
        "start": {
          "line": 33,
          "column": 3
        },
        "end": {
          "line": 33,
          "column": 4
        }
      }
    },
    {
      "type": "CommentLine",
      "value": " https://helmetjs.github.io/docs/",
      "start": 1658,
      "end": 1693,
      "loc": {
        "start": {
          "line": 35,
          "column": 2
        },
        "end": {
          "line": 35,
          "column": 37
        }
      }
    },
    {
      "type": {
        "label": "name",
        "beforeExpr": false,
        "startsExpr": true,
        "rightAssociative": false,
        "isLoop": false,
        "isAssign": false,
        "prefix": false,
        "postfix": false,
        "binop": null
      },
      "value": "helmet",
      "start": 1696,
      "end": 1702,
      "loc": {
        "start": {
          "line": 36,
          "column": 2
        },
        "end": {
          "line": 36,
          "column": 8
        }
      }
    },
    {
      "type": {
        "label": ":",
        "beforeExpr": true,
        "startsExpr": false,
        "rightAssociative": false,
        "isLoop": false,
        "isAssign": false,
        "prefix": false,
        "postfix": false,
        "binop": null,
        "updateContext": null
      },
      "start": 1710,
      "end": 1711,
      "loc": {
        "start": {
          "line": 36,
          "column": 16
        },
        "end": {
          "line": 36,
          "column": 17
        }
      }
    },
    {
      "type": {
        "label": "true",
        "keyword": "true",
        "beforeExpr": false,
        "startsExpr": true,
        "rightAssociative": false,
        "isLoop": false,
        "isAssign": false,
        "prefix": false,
        "postfix": false,
        "binop": null,
        "updateContext": null
      },
      "value": "true",
      "start": 1712,
      "end": 1716,
      "loc": {
        "start": {
          "line": 36,
          "column": 18
        },
        "end": {
          "line": 36,
          "column": 22
        }
      }
    },
    {
      "type": {
        "label": ",",
        "beforeExpr": true,
        "startsExpr": false,
        "rightAssociative": false,
        "isLoop": false,
        "isAssign": false,
        "prefix": false,
        "postfix": false,
        "binop": null,
        "updateContext": null
      },
      "start": 1716,
      "end": 1717,
      "loc": {
        "start": {
          "line": 36,
          "column": 22
        },
        "end": {
          "line": 36,
          "column": 23
        }
      }
    },
    {
      "type": {
        "label": "name",
        "beforeExpr": false,
        "startsExpr": true,
        "rightAssociative": false,
        "isLoop": false,
        "isAssign": false,
        "prefix": false,
        "postfix": false,
        "binop": null
      },
      "value": "helmetOptions",
      "start": 1720,
      "end": 1733,
      "loc": {
        "start": {
          "line": 37,
          "column": 2
        },
        "end": {
          "line": 37,
          "column": 15
        }
      }
    },
    {
      "type": {
        "label": ":",
        "beforeExpr": true,
        "startsExpr": false,
        "rightAssociative": false,
        "isLoop": false,
        "isAssign": false,
        "prefix": false,
        "postfix": false,
        "binop": null,
        "updateContext": null
      },
      "start": 1734,
      "end": 1735,
      "loc": {
        "start": {
          "line": 37,
          "column": 16
        },
        "end": {
          "line": 37,
          "column": 17
        }
      }
    },
    {
      "type": {
        "label": "{",
        "beforeExpr": true,
        "startsExpr": true,
        "rightAssociative": false,
        "isLoop": false,
        "isAssign": false,
        "prefix": false,
        "postfix": false,
        "binop": null
      },
      "start": 1736,
      "end": 1737,
      "loc": {
        "start": {
          "line": 37,
          "column": 18
        },
        "end": {
          "line": 37,
          "column": 19
        }
      }
    },
    {
      "type": {
        "label": "}",
        "beforeExpr": false,
        "startsExpr": false,
        "rightAssociative": false,
        "isLoop": false,
        "isAssign": false,
        "prefix": false,
        "postfix": false,
        "binop": null
      },
      "start": 1737,
      "end": 1738,
      "loc": {
        "start": {
          "line": 37,
          "column": 19
        },
        "end": {
          "line": 37,
          "column": 20
        }
      }
    },
    {
      "type": {
        "label": ",",
        "beforeExpr": true,
        "startsExpr": false,
        "rightAssociative": false,
        "isLoop": false,
        "isAssign": false,
        "prefix": false,
        "postfix": false,
        "binop": null,
        "updateContext": null
      },
      "start": 1738,
      "end": 1739,
      "loc": {
        "start": {
          "line": 37,
          "column": 20
        },
        "end": {
          "line": 37,
          "column": 21
        }
      }
    },
    {
      "type": "CommentLine",
      "value": " https://nodejs.org/api/https.html#https_https_createserver_options_requestlistener",
      "start": 1743,
      "end": 1828,
      "loc": {
        "start": {
          "line": 39,
          "column": 2
        },
        "end": {
          "line": 39,
          "column": 87
        }
      }
    },
    {
      "type": {
        "label": "name",
        "beforeExpr": false,
        "startsExpr": true,
        "rightAssociative": false,
        "isLoop": false,
        "isAssign": false,
        "prefix": false,
        "postfix": false,
        "binop": null
      },
      "value": "https",
      "start": 1831,
      "end": 1836,
      "loc": {
        "start": {
          "line": 40,
          "column": 2
        },
        "end": {
          "line": 40,
          "column": 7
        }
      }
    },
    {
      "type": {
        "label": ":",
        "beforeExpr": true,
        "startsExpr": false,
        "rightAssociative": false,
        "isLoop": false,
        "isAssign": false,
        "prefix": false,
        "postfix": false,
        "binop": null,
        "updateContext": null
      },
      "start": 1844,
      "end": 1845,
      "loc": {
        "start": {
          "line": 40,
          "column": 15
        },
        "end": {
          "line": 40,
          "column": 16
        }
      }
    },
    {
      "type": {
        "label": "false",
        "keyword": "false",
        "beforeExpr": false,
        "startsExpr": true,
        "rightAssociative": false,
        "isLoop": false,
        "isAssign": false,
        "prefix": false,
        "postfix": false,
        "binop": null,
        "updateContext": null
      },
      "value": "false",
      "start": 1846,
      "end": 1851,
      "loc": {
        "start": {
          "line": 40,
          "column": 17
        },
        "end": {
          "line": 40,
          "column": 22
        }
      }
    },
    {
      "type": {
        "label": ",",
        "beforeExpr": true,
        "startsExpr": false,
        "rightAssociative": false,
        "isLoop": false,
        "isAssign": false,
        "prefix": false,
        "postfix": false,
        "binop": null,
        "updateContext": null
      },
      "start": 1851,
      "end": 1852,
      "loc": {
        "start": {
          "line": 40,
          "column": 22
        },
        "end": {
          "line": 40,
          "column": 23
        }
      }
    },
    {
      "type": {
        "label": "name",
        "beforeExpr": false,
        "startsExpr": true,
        "rightAssociative": false,
        "isLoop": false,
        "isAssign": false,
        "prefix": false,
        "postfix": false,
        "binop": null
      },
      "value": "httpsOptions",
      "start": 1855,
      "end": 1867,
      "loc": {
        "start": {
          "line": 41,
          "column": 2
        },
        "end": {
          "line": 41,
          "column": 14
        }
      }
    },
    {
      "type": {
        "label": ":",
        "beforeExpr": true,
        "startsExpr": false,
        "rightAssociative": false,
        "isLoop": false,
        "isAssign": false,
        "prefix": false,
        "postfix": false,
        "binop": null,
        "updateContext": null
      },
      "start": 1868,
      "end": 1869,
      "loc": {
        "start": {
          "line": 41,
          "column": 15
        },
        "end": {
          "line": 41,
          "column": 16
        }
      }
    },
    {
      "type": {
        "label": "{",
        "beforeExpr": true,
        "startsExpr": true,
        "rightAssociative": false,
        "isLoop": false,
        "isAssign": false,
        "prefix": false,
        "postfix": false,
        "binop": null
      },
      "start": 1870,
      "end": 1871,
      "loc": {
        "start": {
          "line": 41,
          "column": 17
        },
        "end": {
          "line": 41,
          "column": 18
        }
      }
    },
    {
      "type": {
        "label": "}",
        "beforeExpr": false,
        "startsExpr": false,
        "rightAssociative": false,
        "isLoop": false,
        "isAssign": false,
        "prefix": false,
        "postfix": false,
        "binop": null
      },
      "start": 1871,
      "end": 1872,
      "loc": {
        "start": {
          "line": 41,
          "column": 18
        },
        "end": {
          "line": 41,
          "column": 19
        }
      }
    },
    {
      "type": {
        "label": "}",
        "beforeExpr": false,
        "startsExpr": false,
        "rightAssociative": false,
        "isLoop": false,
        "isAssign": false,
        "prefix": false,
        "postfix": false,
        "binop": null
      },
      "start": 1873,
      "end": 1874,
      "loc": {
        "start": {
          "line": 42,
          "column": 0
        },
        "end": {
          "line": 42,
          "column": 1
        }
      }
    },
    {
      "type": {
        "label": "name",
        "beforeExpr": false,
        "startsExpr": true,
        "rightAssociative": false,
        "isLoop": false,
        "isAssign": false,
        "prefix": false,
        "postfix": false,
        "binop": null
      },
      "value": "module",
      "start": 1876,
      "end": 1882,
      "loc": {
        "start": {
          "line": 44,
          "column": 0
        },
        "end": {
          "line": 44,
          "column": 6
        }
      }
    },
    {
      "type": {
        "label": ".",
        "beforeExpr": false,
        "startsExpr": false,
        "rightAssociative": false,
        "isLoop": false,
        "isAssign": false,
        "prefix": false,
        "postfix": false,
        "binop": null,
        "updateContext": null
      },
      "start": 1882,
      "end": 1883,
      "loc": {
        "start": {
          "line": 44,
          "column": 6
        },
        "end": {
          "line": 44,
          "column": 7
        }
      }
    },
    {
      "type": {
        "label": "name",
        "beforeExpr": false,
        "startsExpr": true,
        "rightAssociative": false,
        "isLoop": false,
        "isAssign": false,
        "prefix": false,
        "postfix": false,
        "binop": null
      },
      "value": "exports",
      "start": 1883,
      "end": 1890,
      "loc": {
        "start": {
          "line": 44,
          "column": 7
        },
        "end": {
          "line": 44,
          "column": 14
        }
      }
    },
    {
      "type": {
        "label": "=",
        "beforeExpr": true,
        "startsExpr": false,
        "rightAssociative": false,
        "isLoop": false,
        "isAssign": true,
        "prefix": false,
        "postfix": false,
        "binop": null,
        "updateContext": null
      },
      "value": "=",
      "start": 1891,
      "end": 1892,
      "loc": {
        "start": {
          "line": 44,
          "column": 15
        },
        "end": {
          "line": 44,
          "column": 16
        }
      }
    },
    {
      "type": {
        "label": "name",
        "beforeExpr": false,
        "startsExpr": true,
        "rightAssociative": false,
        "isLoop": false,
        "isAssign": false,
        "prefix": false,
        "postfix": false,
        "binop": null
      },
      "value": "SERVER",
      "start": 1893,
      "end": 1899,
      "loc": {
        "start": {
          "line": 44,
          "column": 17
        },
        "end": {
          "line": 44,
          "column": 23
        }
      }
    },
    {
      "type": {
        "label": "eof",
        "beforeExpr": false,
        "startsExpr": false,
        "rightAssociative": false,
        "isLoop": false,
        "isAssign": false,
        "prefix": false,
        "postfix": false,
        "binop": null,
        "updateContext": null
      },
      "start": 1900,
      "end": 1900,
      "loc": {
        "start": {
          "line": 45,
          "column": 0
        },
        "end": {
          "line": 45,
          "column": 0
        }
      }
    }
  ]
}