{
  "type": "File",
  "start": 0,
  "end": 1355,
  "loc": {
    "start": {
      "line": 1,
      "column": 0
    },
    "end": {
      "line": 26,
      "column": 0
    }
  },
  "program": {
    "type": "Program",
    "start": 0,
    "end": 1355,
    "loc": {
      "start": {
        "line": 1,
        "column": 0
      },
      "end": {
        "line": 26,
        "column": 0
      }
    },
    "sourceType": "module",
    "body": [
      {
        "type": "VariableDeclaration",
        "start": 773,
        "end": 1329,
        "loc": {
          "start": {
            "line": 14,
            "column": 0
          },
          "end": {
            "line": 23,
            "column": 1
          }
        },
        "declarations": [
          {
            "type": "VariableDeclarator",
            "start": 779,
            "end": 1329,
            "loc": {
              "start": {
                "line": 14,
                "column": 6
              },
              "end": {
                "line": 23,
                "column": 1
              }
            },
            "id": {
              "type": "Identifier",
              "start": 779,
              "end": 785,
              "loc": {
                "start": {
                  "line": 14,
                  "column": 6
                },
                "end": {
                  "line": 14,
                  "column": 12
                },
                "identifierName": "errors"
              },
              "name": "errors",
              "leadingComments": null
            },
            "init": {
              "type": "ObjectExpression",
              "start": 788,
              "end": 1329,
              "loc": {
                "start": {
                  "line": 14,
                  "column": 15
                },
                "end": {
                  "line": 23,
                  "column": 1
                }
              },
              "properties": [
                {
                  "type": "ObjectProperty",
                  "start": 792,
                  "end": 854,
                  "loc": {
                    "start": {
                      "line": 15,
                      "column": 2
                    },
                    "end": {
                      "line": 15,
                      "column": 64
                    }
                  },
                  "method": false,
                  "shorthand": false,
                  "computed": false,
                  "key": {
                    "type": "Identifier",
                    "start": 792,
                    "end": 802,
                    "loc": {
                      "start": {
                        "line": 15,
                        "column": 2
                      },
                      "end": {
                        "line": 15,
                        "column": 12
                      },
                      "identifierName": "BadRequest"
                    },
                    "name": "BadRequest"
                  },
                  "value": {
                    "type": "CallExpression",
                    "start": 813,
                    "end": 854,
                    "loc": {
                      "start": {
                        "line": 15,
                        "column": 23
                      },
                      "end": {
                        "line": 15,
                        "column": 64
                      }
                    },
                    "callee": {
                      "type": "Identifier",
                      "start": 813,
                      "end": 820,
                      "loc": {
                        "start": {
                          "line": 15,
                          "column": 23
                        },
                        "end": {
                          "line": 15,
                          "column": 30
                        },
                        "identifierName": "require"
                      },
                      "name": "require"
                    },
                    "arguments": [
                      {
                        "type": "StringLiteral",
                        "start": 821,
                        "end": 853,
                        "loc": {
                          "start": {
                            "line": 15,
                            "column": 31
                          },
                          "end": {
                            "line": 15,
                            "column": 63
                          }
                        },
                        "extra": {
                          "rawValue": "../libs/errors/BadRequestError",
                          "raw": "'../libs/errors/BadRequestError'"
                        },
                        "value": "../libs/errors/BadRequestError"
                      }
                    ]
                  }
                },
                {
                  "type": "ObjectProperty",
                  "start": 858,
                  "end": 922,
                  "loc": {
                    "start": {
                      "line": 16,
                      "column": 2
                    },
                    "end": {
                      "line": 16,
                      "column": 66
                    }
                  },
                  "method": false,
                  "shorthand": false,
                  "computed": false,
                  "key": {
                    "type": "Identifier",
                    "start": 858,
                    "end": 870,
                    "loc": {
                      "start": {
                        "line": 16,
                        "column": 2
                      },
                      "end": {
                        "line": 16,
                        "column": 14
                      },
                      "identifierName": "Unauthorized"
                    },
                    "name": "Unauthorized"
                  },
                  "value": {
                    "type": "CallExpression",
                    "start": 879,
                    "end": 922,
                    "loc": {
                      "start": {
                        "line": 16,
                        "column": 23
                      },
                      "end": {
                        "line": 16,
                        "column": 66
                      }
                    },
                    "callee": {
                      "type": "Identifier",
                      "start": 879,
                      "end": 886,
                      "loc": {
                        "start": {
                          "line": 16,
                          "column": 23
                        },
                        "end": {
                          "line": 16,
                          "column": 30
                        },
                        "identifierName": "require"
                      },
                      "name": "require"
                    },
                    "arguments": [
                      {
                        "type": "StringLiteral",
                        "start": 887,
                        "end": 921,
                        "loc": {
                          "start": {
                            "line": 16,
                            "column": 31
                          },
                          "end": {
                            "line": 16,
                            "column": 65
                          }
                        },
                        "extra": {
                          "rawValue": "../libs/errors/UnauthorizedError",
                          "raw": "'../libs/errors/UnauthorizedError'"
                        },
                        "value": "../libs/errors/UnauthorizedError"
                      }
                    ]
                  }
                },
                {
                  "type": "ObjectProperty",
                  "start": 926,
                  "end": 987,
                  "loc": {
                    "start": {
                      "line": 17,
                      "column": 2
                    },
                    "end": {
                      "line": 17,
                      "column": 63
                    }
                  },
                  "method": false,
                  "shorthand": false,
                  "computed": false,
                  "key": {
                    "type": "Identifier",
                    "start": 926,
                    "end": 935,
                    "loc": {
                      "start": {
                        "line": 17,
                        "column": 2
                      },
                      "end": {
                        "line": 17,
                        "column": 11
                      },
                      "identifierName": "Forbidden"
                    },
                    "name": "Forbidden"
                  },
                  "value": {
                    "type": "CallExpression",
                    "start": 947,
                    "end": 987,
                    "loc": {
                      "start": {
                        "line": 17,
                        "column": 23
                      },
                      "end": {
                        "line": 17,
                        "column": 63
                      }
                    },
                    "callee": {
                      "type": "Identifier",
                      "start": 947,
                      "end": 954,
                      "loc": {
                        "start": {
                          "line": 17,
                          "column": 23
                        },
                        "end": {
                          "line": 17,
                          "column": 30
                        },
                        "identifierName": "require"
                      },
                      "name": "require"
                    },
                    "arguments": [
                      {
                        "type": "StringLiteral",
                        "start": 955,
                        "end": 986,
                        "loc": {
                          "start": {
                            "line": 17,
                            "column": 31
                          },
                          "end": {
                            "line": 17,
                            "column": 62
                          }
                        },
                        "extra": {
                          "rawValue": "../libs/errors/ForbiddenError",
                          "raw": "'../libs/errors/ForbiddenError'"
                        },
                        "value": "../libs/errors/ForbiddenError"
                      }
                    ]
                  }
                },
                {
                  "type": "ObjectProperty",
                  "start": 991,
                  "end": 1051,
                  "loc": {
                    "start": {
                      "line": 18,
                      "column": 2
                    },
                    "end": {
                      "line": 18,
                      "column": 62
                    }
                  },
                  "method": false,
                  "shorthand": false,
                  "computed": false,
                  "key": {
                    "type": "Identifier",
                    "start": 991,
                    "end": 999,
                    "loc": {
                      "start": {
                        "line": 18,
                        "column": 2
                      },
                      "end": {
                        "line": 18,
                        "column": 10
                      },
                      "identifierName": "NotFound"
                    },
                    "name": "NotFound"
                  },
                  "value": {
                    "type": "CallExpression",
                    "start": 1012,
                    "end": 1051,
                    "loc": {
                      "start": {
                        "line": 18,
                        "column": 23
                      },
                      "end": {
                        "line": 18,
                        "column": 62
                      }
                    },
                    "callee": {
                      "type": "Identifier",
                      "start": 1012,
                      "end": 1019,
                      "loc": {
                        "start": {
                          "line": 18,
                          "column": 23
                        },
                        "end": {
                          "line": 18,
                          "column": 30
                        },
                        "identifierName": "require"
                      },
                      "name": "require"
                    },
                    "arguments": [
                      {
                        "type": "StringLiteral",
                        "start": 1020,
                        "end": 1050,
                        "loc": {
                          "start": {
                            "line": 18,
                            "column": 31
                          },
                          "end": {
                            "line": 18,
                            "column": 61
                          }
                        },
                        "extra": {
                          "rawValue": "../libs/errors/NotFoundError",
                          "raw": "'../libs/errors/NotFoundError'"
                        },
                        "value": "../libs/errors/NotFoundError"
                      }
                    ]
                  }
                },
                {
                  "type": "ObjectProperty",
                  "start": 1055,
                  "end": 1115,
                  "loc": {
                    "start": {
                      "line": 19,
                      "column": 2
                    },
                    "end": {
                      "line": 19,
                      "column": 62
                    }
                  },
                  "method": false,
                  "shorthand": false,
                  "computed": false,
                  "key": {
                    "type": "Identifier",
                    "start": 1055,
                    "end": 1063,
                    "loc": {
                      "start": {
                        "line": 19,
                        "column": 2
                      },
                      "end": {
                        "line": 19,
                        "column": 10
                      },
                      "identifierName": "Conflict"
                    },
                    "name": "Conflict"
                  },
                  "value": {
                    "type": "CallExpression",
                    "start": 1076,
                    "end": 1115,
                    "loc": {
                      "start": {
                        "line": 19,
                        "column": 23
                      },
                      "end": {
                        "line": 19,
                        "column": 62
                      }
                    },
                    "callee": {
                      "type": "Identifier",
                      "start": 1076,
                      "end": 1083,
                      "loc": {
                        "start": {
                          "line": 19,
                          "column": 23
                        },
                        "end": {
                          "line": 19,
                          "column": 30
                        },
                        "identifierName": "require"
                      },
                      "name": "require"
                    },
                    "arguments": [
                      {
                        "type": "StringLiteral",
                        "start": 1084,
                        "end": 1114,
                        "loc": {
                          "start": {
                            "line": 19,
                            "column": 31
                          },
                          "end": {
                            "line": 19,
                            "column": 61
                          }
                        },
                        "extra": {
                          "rawValue": "../libs/errors/ConflictError",
                          "raw": "'../libs/errors/ConflictError'"
                        },
                        "value": "../libs/errors/ConflictError"
                      }
                    ]
                  }
                },
                {
                  "type": "ObjectProperty",
                  "start": 1119,
                  "end": 1189,
                  "loc": {
                    "start": {
                      "line": 20,
                      "column": 2
                    },
                    "end": {
                      "line": 20,
                      "column": 72
                    }
                  },
                  "method": false,
                  "shorthand": false,
                  "computed": false,
                  "key": {
                    "type": "Identifier",
                    "start": 1119,
                    "end": 1137,
                    "loc": {
                      "start": {
                        "line": 20,
                        "column": 2
                      },
                      "end": {
                        "line": 20,
                        "column": 20
                      },
                      "identifierName": "PreconditionFailed"
                    },
                    "name": "PreconditionFailed"
                  },
                  "value": {
                    "type": "CallExpression",
                    "start": 1140,
                    "end": 1189,
                    "loc": {
                      "start": {
                        "line": 20,
                        "column": 23
                      },
                      "end": {
                        "line": 20,
                        "column": 72
                      }
                    },
                    "callee": {
                      "type": "Identifier",
                      "start": 1140,
                      "end": 1147,
                      "loc": {
                        "start": {
                          "line": 20,
                          "column": 23
                        },
                        "end": {
                          "line": 20,
                          "column": 30
                        },
                        "identifierName": "require"
                      },
                      "name": "require"
                    },
                    "arguments": [
                      {
                        "type": "StringLiteral",
                        "start": 1148,
                        "end": 1188,
                        "loc": {
                          "start": {
                            "line": 20,
                            "column": 31
                          },
                          "end": {
                            "line": 20,
                            "column": 71
                          }
                        },
                        "extra": {
                          "rawValue": "../libs/errors/PreconditionFailedError",
                          "raw": "'../libs/errors/PreconditionFailedError'"
                        },
                        "value": "../libs/errors/PreconditionFailedError"
                      }
                    ]
                  }
                },
                {
                  "type": "ObjectProperty",
                  "start": 1193,
                  "end": 1257,
                  "loc": {
                    "start": {
                      "line": 21,
                      "column": 2
                    },
                    "end": {
                      "line": 21,
                      "column": 66
                    }
                  },
                  "method": false,
                  "shorthand": false,
                  "computed": false,
                  "key": {
                    "type": "Identifier",
                    "start": 1193,
                    "end": 1205,
                    "loc": {
                      "start": {
                        "line": 21,
                        "column": 2
                      },
                      "end": {
                        "line": 21,
                        "column": 14
                      },
                      "identifierName": "InvalidToken"
                    },
                    "name": "InvalidToken"
                  },
                  "value": {
                    "type": "CallExpression",
                    "start": 1214,
                    "end": 1257,
                    "loc": {
                      "start": {
                        "line": 21,
                        "column": 23
                      },
                      "end": {
                        "line": 21,
                        "column": 66
                      }
                    },
                    "callee": {
                      "type": "Identifier",
                      "start": 1214,
                      "end": 1221,
                      "loc": {
                        "start": {
                          "line": 21,
                          "column": 23
                        },
                        "end": {
                          "line": 21,
                          "column": 30
                        },
                        "identifierName": "require"
                      },
                      "name": "require"
                    },
                    "arguments": [
                      {
                        "type": "StringLiteral",
                        "start": 1222,
                        "end": 1256,
                        "loc": {
                          "start": {
                            "line": 21,
                            "column": 31
                          },
                          "end": {
                            "line": 21,
                            "column": 65
                          }
                        },
                        "extra": {
                          "rawValue": "../libs/errors/InvalidTokenError",
                          "raw": "'../libs/errors/InvalidTokenError'"
                        },
                        "value": "../libs/errors/InvalidTokenError"
                      }
                    ]
                  }
                },
                {
                  "type": "ObjectProperty",
                  "start": 1261,
                  "end": 1327,
                  "loc": {
                    "start": {
                      "line": 22,
                      "column": 2
                    },
                    "end": {
                      "line": 22,
                      "column": 68
                    }
                  },
                  "method": false,
                  "shorthand": false,
                  "computed": false,
                  "key": {
                    "type": "Identifier",
                    "start": 1261,
                    "end": 1275,
                    "loc": {
                      "start": {
                        "line": 22,
                        "column": 2
                      },
                      "end": {
                        "line": 22,
                        "column": 16
                      },
                      "identifierName": "InternalServer"
                    },
                    "name": "InternalServer"
                  },
                  "value": {
                    "type": "CallExpression",
                    "start": 1282,
                    "end": 1327,
                    "loc": {
                      "start": {
                        "line": 22,
                        "column": 23
                      },
                      "end": {
                        "line": 22,
                        "column": 68
                      }
                    },
                    "callee": {
                      "type": "Identifier",
                      "start": 1282,
                      "end": 1289,
                      "loc": {
                        "start": {
                          "line": 22,
                          "column": 23
                        },
                        "end": {
                          "line": 22,
                          "column": 30
                        },
                        "identifierName": "require"
                      },
                      "name": "require"
                    },
                    "arguments": [
                      {
                        "type": "StringLiteral",
                        "start": 1290,
                        "end": 1326,
                        "loc": {
                          "start": {
                            "line": 22,
                            "column": 31
                          },
                          "end": {
                            "line": 22,
                            "column": 67
                          }
                        },
                        "extra": {
                          "rawValue": "../libs/errors/InternalServerError",
                          "raw": "'../libs/errors/InternalServerError'"
                        },
                        "value": "../libs/errors/InternalServerError"
                      }
                    ]
                  }
                }
              ]
            },
            "leadingComments": null
          }
        ],
        "kind": "const",
        "leadingComments": [
          {
            "type": "CommentBlock",
            "value": "*\n* Objeto para instanciar objetos de tipo 'error'\n* @type {Object}\n* @property {BadRequestError}         BadRequest              - Clase BadRequestError\n* @property {UnauthorizedError}       Unauthorized            - Clase UnauthorizedError\n* @property {ForbiddenError}          Forbidden               - Clase ForbiddenError\n* @property {NotFoundError}           NotFoundError           - Clase NotFoundError\n* @property {ConflictError}           ConflictError           - Clase ConflictError\n* @property {PreconditionFailedError} PreconditionFailedError - Clase PreconditionFailedError\n* @property {InvalidTokenError}       InvalidTokenError       - Clase InvalidTokenError\n* @property {InternalServerError}     InternalServerError     - Clase InternalServerError\n",
            "start": 1,
            "end": 772,
            "loc": {
              "start": {
                "line": 2,
                "column": 0
              },
              "end": {
                "line": 13,
                "column": 2
              }
            }
          }
        ]
      },
      {
        "type": "ExpressionStatement",
        "start": 1331,
        "end": 1354,
        "loc": {
          "start": {
            "line": 25,
            "column": 0
          },
          "end": {
            "line": 25,
            "column": 23
          }
        },
        "expression": {
          "type": "AssignmentExpression",
          "start": 1331,
          "end": 1354,
          "loc": {
            "start": {
              "line": 25,
              "column": 0
            },
            "end": {
              "line": 25,
              "column": 23
            }
          },
          "operator": "=",
          "left": {
            "type": "MemberExpression",
            "start": 1331,
            "end": 1345,
            "loc": {
              "start": {
                "line": 25,
                "column": 0
              },
              "end": {
                "line": 25,
                "column": 14
              }
            },
            "object": {
              "type": "Identifier",
              "start": 1331,
              "end": 1337,
              "loc": {
                "start": {
                  "line": 25,
                  "column": 0
                },
                "end": {
                  "line": 25,
                  "column": 6
                },
                "identifierName": "module"
              },
              "name": "module"
            },
            "property": {
              "type": "Identifier",
              "start": 1338,
              "end": 1345,
              "loc": {
                "start": {
                  "line": 25,
                  "column": 7
                },
                "end": {
                  "line": 25,
                  "column": 14
                },
                "identifierName": "exports"
              },
              "name": "exports"
            },
            "computed": false
          },
          "right": {
            "type": "Identifier",
            "start": 1348,
            "end": 1354,
            "loc": {
              "start": {
                "line": 25,
                "column": 17
              },
              "end": {
                "line": 25,
                "column": 23
              },
              "identifierName": "errors"
            },
            "name": "errors"
          }
        }
      }
    ],
    "directives": []
  },
  "comments": [
    {
      "type": "CommentBlock",
      "value": "*\n* Objeto para instanciar objetos de tipo 'error'\n* @type {Object}\n* @property {BadRequestError}         BadRequest              - Clase BadRequestError\n* @property {UnauthorizedError}       Unauthorized            - Clase UnauthorizedError\n* @property {ForbiddenError}          Forbidden               - Clase ForbiddenError\n* @property {NotFoundError}           NotFoundError           - Clase NotFoundError\n* @property {ConflictError}           ConflictError           - Clase ConflictError\n* @property {PreconditionFailedError} PreconditionFailedError - Clase PreconditionFailedError\n* @property {InvalidTokenError}       InvalidTokenError       - Clase InvalidTokenError\n* @property {InternalServerError}     InternalServerError     - Clase InternalServerError\n",
      "start": 1,
      "end": 772,
      "loc": {
        "start": {
          "line": 2,
          "column": 0
        },
        "end": {
          "line": 13,
          "column": 2
        }
      }
    }
  ],
  "tokens": [
    {
      "type": "CommentBlock",
      "value": "*\n* Objeto para instanciar objetos de tipo 'error'\n* @type {Object}\n* @property {BadRequestError}         BadRequest              - Clase BadRequestError\n* @property {UnauthorizedError}       Unauthorized            - Clase UnauthorizedError\n* @property {ForbiddenError}          Forbidden               - Clase ForbiddenError\n* @property {NotFoundError}           NotFoundError           - Clase NotFoundError\n* @property {ConflictError}           ConflictError           - Clase ConflictError\n* @property {PreconditionFailedError} PreconditionFailedError - Clase PreconditionFailedError\n* @property {InvalidTokenError}       InvalidTokenError       - Clase InvalidTokenError\n* @property {InternalServerError}     InternalServerError     - Clase InternalServerError\n",
      "start": 1,
      "end": 772,
      "loc": {
        "start": {
          "line": 2,
          "column": 0
        },
        "end": {
          "line": 13,
          "column": 2
        }
      }
    },
    {
      "type": {
        "label": "const",
        "keyword": "const",
        "beforeExpr": false,
        "startsExpr": false,
        "rightAssociative": false,
        "isLoop": false,
        "isAssign": false,
        "prefix": false,
        "postfix": false,
        "binop": null,
        "updateContext": null
      },
      "value": "const",
      "start": 773,
      "end": 778,
      "loc": {
        "start": {
          "line": 14,
          "column": 0
        },
        "end": {
          "line": 14,
          "column": 5
        }
      }
    },
    {
      "type": {
        "label": "name",
        "beforeExpr": false,
        "startsExpr": true,
        "rightAssociative": false,
        "isLoop": false,
        "isAssign": false,
        "prefix": false,
        "postfix": false,
        "binop": null
      },
      "value": "errors",
      "start": 779,
      "end": 785,
      "loc": {
        "start": {
          "line": 14,
          "column": 6
        },
        "end": {
          "line": 14,
          "column": 12
        }
      }
    },
    {
      "type": {
        "label": "=",
        "beforeExpr": true,
        "startsExpr": false,
        "rightAssociative": false,
        "isLoop": false,
        "isAssign": true,
        "prefix": false,
        "postfix": false,
        "binop": null,
        "updateContext": null
      },
      "value": "=",
      "start": 786,
      "end": 787,
      "loc": {
        "start": {
          "line": 14,
          "column": 13
        },
        "end": {
          "line": 14,
          "column": 14
        }
      }
    },
    {
      "type": {
        "label": "{",
        "beforeExpr": true,
        "startsExpr": true,
        "rightAssociative": false,
        "isLoop": false,
        "isAssign": false,
        "prefix": false,
        "postfix": false,
        "binop": null
      },
      "start": 788,
      "end": 789,
      "loc": {
        "start": {
          "line": 14,
          "column": 15
        },
        "end": {
          "line": 14,
          "column": 16
        }
      }
    },
    {
      "type": {
        "label": "name",
        "beforeExpr": false,
        "startsExpr": true,
        "rightAssociative": false,
        "isLoop": false,
        "isAssign": false,
        "prefix": false,
        "postfix": false,
        "binop": null
      },
      "value": "BadRequest",
      "start": 792,
      "end": 802,
      "loc": {
        "start": {
          "line": 15,
          "column": 2
        },
        "end": {
          "line": 15,
          "column": 12
        }
      }
    },
    {
      "type": {
        "label": ":",
        "beforeExpr": true,
        "startsExpr": false,
        "rightAssociative": false,
        "isLoop": false,
        "isAssign": false,
        "prefix": false,
        "postfix": false,
        "binop": null,
        "updateContext": null
      },
      "start": 811,
      "end": 812,
      "loc": {
        "start": {
          "line": 15,
          "column": 21
        },
        "end": {
          "line": 15,
          "column": 22
        }
      }
    },
    {
      "type": {
        "label": "name",
        "beforeExpr": false,
        "startsExpr": true,
        "rightAssociative": false,
        "isLoop": false,
        "isAssign": false,
        "prefix": false,
        "postfix": false,
        "binop": null
      },
      "value": "require",
      "start": 813,
      "end": 820,
      "loc": {
        "start": {
          "line": 15,
          "column": 23
        },
        "end": {
          "line": 15,
          "column": 30
        }
      }
    },
    {
      "type": {
        "label": "(",
        "beforeExpr": true,
        "startsExpr": true,
        "rightAssociative": false,
        "isLoop": false,
        "isAssign": false,
        "prefix": false,
        "postfix": false,
        "binop": null
      },
      "start": 820,
      "end": 821,
      "loc": {
        "start": {
          "line": 15,
          "column": 30
        },
        "end": {
          "line": 15,
          "column": 31
        }
      }
    },
    {
      "type": {
        "label": "string",
        "beforeExpr": false,
        "startsExpr": true,
        "rightAssociative": false,
        "isLoop": false,
        "isAssign": false,
        "prefix": false,
        "postfix": false,
        "binop": null,
        "updateContext": null
      },
      "value": "../libs/errors/BadRequestError",
      "start": 821,
      "end": 853,
      "loc": {
        "start": {
          "line": 15,
          "column": 31
        },
        "end": {
          "line": 15,
          "column": 63
        }
      }
    },
    {
      "type": {
        "label": ")",
        "beforeExpr": false,
        "startsExpr": false,
        "rightAssociative": false,
        "isLoop": false,
        "isAssign": false,
        "prefix": false,
        "postfix": false,
        "binop": null
      },
      "start": 853,
      "end": 854,
      "loc": {
        "start": {
          "line": 15,
          "column": 63
        },
        "end": {
          "line": 15,
          "column": 64
        }
      }
    },
    {
      "type": {
        "label": ",",
        "beforeExpr": true,
        "startsExpr": false,
        "rightAssociative": false,
        "isLoop": false,
        "isAssign": false,
        "prefix": false,
        "postfix": false,
        "binop": null,
        "updateContext": null
      },
      "start": 854,
      "end": 855,
      "loc": {
        "start": {
          "line": 15,
          "column": 64
        },
        "end": {
          "line": 15,
          "column": 65
        }
      }
    },
    {
      "type": {
        "label": "name",
        "beforeExpr": false,
        "startsExpr": true,
        "rightAssociative": false,
        "isLoop": false,
        "isAssign": false,
        "prefix": false,
        "postfix": false,
        "binop": null
      },
      "value": "Unauthorized",
      "start": 858,
      "end": 870,
      "loc": {
        "start": {
          "line": 16,
          "column": 2
        },
        "end": {
          "line": 16,
          "column": 14
        }
      }
    },
    {
      "type": {
        "label": ":",
        "beforeExpr": true,
        "startsExpr": false,
        "rightAssociative": false,
        "isLoop": false,
        "isAssign": false,
        "prefix": false,
        "postfix": false,
        "binop": null,
        "updateContext": null
      },
      "start": 877,
      "end": 878,
      "loc": {
        "start": {
          "line": 16,
          "column": 21
        },
        "end": {
          "line": 16,
          "column": 22
        }
      }
    },
    {
      "type": {
        "label": "name",
        "beforeExpr": false,
        "startsExpr": true,
        "rightAssociative": false,
        "isLoop": false,
        "isAssign": false,
        "prefix": false,
        "postfix": false,
        "binop": null
      },
      "value": "require",
      "start": 879,
      "end": 886,
      "loc": {
        "start": {
          "line": 16,
          "column": 23
        },
        "end": {
          "line": 16,
          "column": 30
        }
      }
    },
    {
      "type": {
        "label": "(",
        "beforeExpr": true,
        "startsExpr": true,
        "rightAssociative": false,
        "isLoop": false,
        "isAssign": false,
        "prefix": false,
        "postfix": false,
        "binop": null
      },
      "start": 886,
      "end": 887,
      "loc": {
        "start": {
          "line": 16,
          "column": 30
        },
        "end": {
          "line": 16,
          "column": 31
        }
      }
    },
    {
      "type": {
        "label": "string",
        "beforeExpr": false,
        "startsExpr": true,
        "rightAssociative": false,
        "isLoop": false,
        "isAssign": false,
        "prefix": false,
        "postfix": false,
        "binop": null,
        "updateContext": null
      },
      "value": "../libs/errors/UnauthorizedError",
      "start": 887,
      "end": 921,
      "loc": {
        "start": {
          "line": 16,
          "column": 31
        },
        "end": {
          "line": 16,
          "column": 65
        }
      }
    },
    {
      "type": {
        "label": ")",
        "beforeExpr": false,
        "startsExpr": false,
        "rightAssociative": false,
        "isLoop": false,
        "isAssign": false,
        "prefix": false,
        "postfix": false,
        "binop": null
      },
      "start": 921,
      "end": 922,
      "loc": {
        "start": {
          "line": 16,
          "column": 65
        },
        "end": {
          "line": 16,
          "column": 66
        }
      }
    },
    {
      "type": {
        "label": ",",
        "beforeExpr": true,
        "startsExpr": false,
        "rightAssociative": false,
        "isLoop": false,
        "isAssign": false,
        "prefix": false,
        "postfix": false,
        "binop": null,
        "updateContext": null
      },
      "start": 922,
      "end": 923,
      "loc": {
        "start": {
          "line": 16,
          "column": 66
        },
        "end": {
          "line": 16,
          "column": 67
        }
      }
    },
    {
      "type": {
        "label": "name",
        "beforeExpr": false,
        "startsExpr": true,
        "rightAssociative": false,
        "isLoop": false,
        "isAssign": false,
        "prefix": false,
        "postfix": false,
        "binop": null
      },
      "value": "Forbidden",
      "start": 926,
      "end": 935,
      "loc": {
        "start": {
          "line": 17,
          "column": 2
        },
        "end": {
          "line": 17,
          "column": 11
        }
      }
    },
    {
      "type": {
        "label": ":",
        "beforeExpr": true,
        "startsExpr": false,
        "rightAssociative": false,
        "isLoop": false,
        "isAssign": false,
        "prefix": false,
        "postfix": false,
        "binop": null,
        "updateContext": null
      },
      "start": 945,
      "end": 946,
      "loc": {
        "start": {
          "line": 17,
          "column": 21
        },
        "end": {
          "line": 17,
          "column": 22
        }
      }
    },
    {
      "type": {
        "label": "name",
        "beforeExpr": false,
        "startsExpr": true,
        "rightAssociative": false,
        "isLoop": false,
        "isAssign": false,
        "prefix": false,
        "postfix": false,
        "binop": null
      },
      "value": "require",
      "start": 947,
      "end": 954,
      "loc": {
        "start": {
          "line": 17,
          "column": 23
        },
        "end": {
          "line": 17,
          "column": 30
        }
      }
    },
    {
      "type": {
        "label": "(",
        "beforeExpr": true,
        "startsExpr": true,
        "rightAssociative": false,
        "isLoop": false,
        "isAssign": false,
        "prefix": false,
        "postfix": false,
        "binop": null
      },
      "start": 954,
      "end": 955,
      "loc": {
        "start": {
          "line": 17,
          "column": 30
        },
        "end": {
          "line": 17,
          "column": 31
        }
      }
    },
    {
      "type": {
        "label": "string",
        "beforeExpr": false,
        "startsExpr": true,
        "rightAssociative": false,
        "isLoop": false,
        "isAssign": false,
        "prefix": false,
        "postfix": false,
        "binop": null,
        "updateContext": null
      },
      "value": "../libs/errors/ForbiddenError",
      "start": 955,
      "end": 986,
      "loc": {
        "start": {
          "line": 17,
          "column": 31
        },
        "end": {
          "line": 17,
          "column": 62
        }
      }
    },
    {
      "type": {
        "label": ")",
        "beforeExpr": false,
        "startsExpr": false,
        "rightAssociative": false,
        "isLoop": false,
        "isAssign": false,
        "prefix": false,
        "postfix": false,
        "binop": null
      },
      "start": 986,
      "end": 987,
      "loc": {
        "start": {
          "line": 17,
          "column": 62
        },
        "end": {
          "line": 17,
          "column": 63
        }
      }
    },
    {
      "type": {
        "label": ",",
        "beforeExpr": true,
        "startsExpr": false,
        "rightAssociative": false,
        "isLoop": false,
        "isAssign": false,
        "prefix": false,
        "postfix": false,
        "binop": null,
        "updateContext": null
      },
      "start": 987,
      "end": 988,
      "loc": {
        "start": {
          "line": 17,
          "column": 63
        },
        "end": {
          "line": 17,
          "column": 64
        }
      }
    },
    {
      "type": {
        "label": "name",
        "beforeExpr": false,
        "startsExpr": true,
        "rightAssociative": false,
        "isLoop": false,
        "isAssign": false,
        "prefix": false,
        "postfix": false,
        "binop": null
      },
      "value": "NotFound",
      "start": 991,
      "end": 999,
      "loc": {
        "start": {
          "line": 18,
          "column": 2
        },
        "end": {
          "line": 18,
          "column": 10
        }
      }
    },
    {
      "type": {
        "label": ":",
        "beforeExpr": true,
        "startsExpr": false,
        "rightAssociative": false,
        "isLoop": false,
        "isAssign": false,
        "prefix": false,
        "postfix": false,
        "binop": null,
        "updateContext": null
      },
      "start": 1010,
      "end": 1011,
      "loc": {
        "start": {
          "line": 18,
          "column": 21
        },
        "end": {
          "line": 18,
          "column": 22
        }
      }
    },
    {
      "type": {
        "label": "name",
        "beforeExpr": false,
        "startsExpr": true,
        "rightAssociative": false,
        "isLoop": false,
        "isAssign": false,
        "prefix": false,
        "postfix": false,
        "binop": null
      },
      "value": "require",
      "start": 1012,
      "end": 1019,
      "loc": {
        "start": {
          "line": 18,
          "column": 23
        },
        "end": {
          "line": 18,
          "column": 30
        }
      }
    },
    {
      "type": {
        "label": "(",
        "beforeExpr": true,
        "startsExpr": true,
        "rightAssociative": false,
        "isLoop": false,
        "isAssign": false,
        "prefix": false,
        "postfix": false,
        "binop": null
      },
      "start": 1019,
      "end": 1020,
      "loc": {
        "start": {
          "line": 18,
          "column": 30
        },
        "end": {
          "line": 18,
          "column": 31
        }
      }
    },
    {
      "type": {
        "label": "string",
        "beforeExpr": false,
        "startsExpr": true,
        "rightAssociative": false,
        "isLoop": false,
        "isAssign": false,
        "prefix": false,
        "postfix": false,
        "binop": null,
        "updateContext": null
      },
      "value": "../libs/errors/NotFoundError",
      "start": 1020,
      "end": 1050,
      "loc": {
        "start": {
          "line": 18,
          "column": 31
        },
        "end": {
          "line": 18,
          "column": 61
        }
      }
    },
    {
      "type": {
        "label": ")",
        "beforeExpr": false,
        "startsExpr": false,
        "rightAssociative": false,
        "isLoop": false,
        "isAssign": false,
        "prefix": false,
        "postfix": false,
        "binop": null
      },
      "start": 1050,
      "end": 1051,
      "loc": {
        "start": {
          "line": 18,
          "column": 61
        },
        "end": {
          "line": 18,
          "column": 62
        }
      }
    },
    {
      "type": {
        "label": ",",
        "beforeExpr": true,
        "startsExpr": false,
        "rightAssociative": false,
        "isLoop": false,
        "isAssign": false,
        "prefix": false,
        "postfix": false,
        "binop": null,
        "updateContext": null
      },
      "start": 1051,
      "end": 1052,
      "loc": {
        "start": {
          "line": 18,
          "column": 62
        },
        "end": {
          "line": 18,
          "column": 63
        }
      }
    },
    {
      "type": {
        "label": "name",
        "beforeExpr": false,
        "startsExpr": true,
        "rightAssociative": false,
        "isLoop": false,
        "isAssign": false,
        "prefix": false,
        "postfix": false,
        "binop": null
      },
      "value": "Conflict",
      "start": 1055,
      "end": 1063,
      "loc": {
        "start": {
          "line": 19,
          "column": 2
        },
        "end": {
          "line": 19,
          "column": 10
        }
      }
    },
    {
      "type": {
        "label": ":",
        "beforeExpr": true,
        "startsExpr": false,
        "rightAssociative": false,
        "isLoop": false,
        "isAssign": false,
        "prefix": false,
        "postfix": false,
        "binop": null,
        "updateContext": null
      },
      "start": 1074,
      "end": 1075,
      "loc": {
        "start": {
          "line": 19,
          "column": 21
        },
        "end": {
          "line": 19,
          "column": 22
        }
      }
    },
    {
      "type": {
        "label": "name",
        "beforeExpr": false,
        "startsExpr": true,
        "rightAssociative": false,
        "isLoop": false,
        "isAssign": false,
        "prefix": false,
        "postfix": false,
        "binop": null
      },
      "value": "require",
      "start": 1076,
      "end": 1083,
      "loc": {
        "start": {
          "line": 19,
          "column": 23
        },
        "end": {
          "line": 19,
          "column": 30
        }
      }
    },
    {
      "type": {
        "label": "(",
        "beforeExpr": true,
        "startsExpr": true,
        "rightAssociative": false,
        "isLoop": false,
        "isAssign": false,
        "prefix": false,
        "postfix": false,
        "binop": null
      },
      "start": 1083,
      "end": 1084,
      "loc": {
        "start": {
          "line": 19,
          "column": 30
        },
        "end": {
          "line": 19,
          "column": 31
        }
      }
    },
    {
      "type": {
        "label": "string",
        "beforeExpr": false,
        "startsExpr": true,
        "rightAssociative": false,
        "isLoop": false,
        "isAssign": false,
        "prefix": false,
        "postfix": false,
        "binop": null,
        "updateContext": null
      },
      "value": "../libs/errors/ConflictError",
      "start": 1084,
      "end": 1114,
      "loc": {
        "start": {
          "line": 19,
          "column": 31
        },
        "end": {
          "line": 19,
          "column": 61
        }
      }
    },
    {
      "type": {
        "label": ")",
        "beforeExpr": false,
        "startsExpr": false,
        "rightAssociative": false,
        "isLoop": false,
        "isAssign": false,
        "prefix": false,
        "postfix": false,
        "binop": null
      },
      "start": 1114,
      "end": 1115,
      "loc": {
        "start": {
          "line": 19,
          "column": 61
        },
        "end": {
          "line": 19,
          "column": 62
        }
      }
    },
    {
      "type": {
        "label": ",",
        "beforeExpr": true,
        "startsExpr": false,
        "rightAssociative": false,
        "isLoop": false,
        "isAssign": false,
        "prefix": false,
        "postfix": false,
        "binop": null,
        "updateContext": null
      },
      "start": 1115,
      "end": 1116,
      "loc": {
        "start": {
          "line": 19,
          "column": 62
        },
        "end": {
          "line": 19,
          "column": 63
        }
      }
    },
    {
      "type": {
        "label": "name",
        "beforeExpr": false,
        "startsExpr": true,
        "rightAssociative": false,
        "isLoop": false,
        "isAssign": false,
        "prefix": false,
        "postfix": false,
        "binop": null
      },
      "value": "PreconditionFailed",
      "start": 1119,
      "end": 1137,
      "loc": {
        "start": {
          "line": 20,
          "column": 2
        },
        "end": {
          "line": 20,
          "column": 20
        }
      }
    },
    {
      "type": {
        "label": ":",
        "beforeExpr": true,
        "startsExpr": false,
        "rightAssociative": false,
        "isLoop": false,
        "isAssign": false,
        "prefix": false,
        "postfix": false,
        "binop": null,
        "updateContext": null
      },
      "start": 1138,
      "end": 1139,
      "loc": {
        "start": {
          "line": 20,
          "column": 21
        },
        "end": {
          "line": 20,
          "column": 22
        }
      }
    },
    {
      "type": {
        "label": "name",
        "beforeExpr": false,
        "startsExpr": true,
        "rightAssociative": false,
        "isLoop": false,
        "isAssign": false,
        "prefix": false,
        "postfix": false,
        "binop": null
      },
      "value": "require",
      "start": 1140,
      "end": 1147,
      "loc": {
        "start": {
          "line": 20,
          "column": 23
        },
        "end": {
          "line": 20,
          "column": 30
        }
      }
    },
    {
      "type": {
        "label": "(",
        "beforeExpr": true,
        "startsExpr": true,
        "rightAssociative": false,
        "isLoop": false,
        "isAssign": false,
        "prefix": false,
        "postfix": false,
        "binop": null
      },
      "start": 1147,
      "end": 1148,
      "loc": {
        "start": {
          "line": 20,
          "column": 30
        },
        "end": {
          "line": 20,
          "column": 31
        }
      }
    },
    {
      "type": {
        "label": "string",
        "beforeExpr": false,
        "startsExpr": true,
        "rightAssociative": false,
        "isLoop": false,
        "isAssign": false,
        "prefix": false,
        "postfix": false,
        "binop": null,
        "updateContext": null
      },
      "value": "../libs/errors/PreconditionFailedError",
      "start": 1148,
      "end": 1188,
      "loc": {
        "start": {
          "line": 20,
          "column": 31
        },
        "end": {
          "line": 20,
          "column": 71
        }
      }
    },
    {
      "type": {
        "label": ")",
        "beforeExpr": false,
        "startsExpr": false,
        "rightAssociative": false,
        "isLoop": false,
        "isAssign": false,
        "prefix": false,
        "postfix": false,
        "binop": null
      },
      "start": 1188,
      "end": 1189,
      "loc": {
        "start": {
          "line": 20,
          "column": 71
        },
        "end": {
          "line": 20,
          "column": 72
        }
      }
    },
    {
      "type": {
        "label": ",",
        "beforeExpr": true,
        "startsExpr": false,
        "rightAssociative": false,
        "isLoop": false,
        "isAssign": false,
        "prefix": false,
        "postfix": false,
        "binop": null,
        "updateContext": null
      },
      "start": 1189,
      "end": 1190,
      "loc": {
        "start": {
          "line": 20,
          "column": 72
        },
        "end": {
          "line": 20,
          "column": 73
        }
      }
    },
    {
      "type": {
        "label": "name",
        "beforeExpr": false,
        "startsExpr": true,
        "rightAssociative": false,
        "isLoop": false,
        "isAssign": false,
        "prefix": false,
        "postfix": false,
        "binop": null
      },
      "value": "InvalidToken",
      "start": 1193,
      "end": 1205,
      "loc": {
        "start": {
          "line": 21,
          "column": 2
        },
        "end": {
          "line": 21,
          "column": 14
        }
      }
    },
    {
      "type": {
        "label": ":",
        "beforeExpr": true,
        "startsExpr": false,
        "rightAssociative": false,
        "isLoop": false,
        "isAssign": false,
        "prefix": false,
        "postfix": false,
        "binop": null,
        "updateContext": null
      },
      "start": 1212,
      "end": 1213,
      "loc": {
        "start": {
          "line": 21,
          "column": 21
        },
        "end": {
          "line": 21,
          "column": 22
        }
      }
    },
    {
      "type": {
        "label": "name",
        "beforeExpr": false,
        "startsExpr": true,
        "rightAssociative": false,
        "isLoop": false,
        "isAssign": false,
        "prefix": false,
        "postfix": false,
        "binop": null
      },
      "value": "require",
      "start": 1214,
      "end": 1221,
      "loc": {
        "start": {
          "line": 21,
          "column": 23
        },
        "end": {
          "line": 21,
          "column": 30
        }
      }
    },
    {
      "type": {
        "label": "(",
        "beforeExpr": true,
        "startsExpr": true,
        "rightAssociative": false,
        "isLoop": false,
        "isAssign": false,
        "prefix": false,
        "postfix": false,
        "binop": null
      },
      "start": 1221,
      "end": 1222,
      "loc": {
        "start": {
          "line": 21,
          "column": 30
        },
        "end": {
          "line": 21,
          "column": 31
        }
      }
    },
    {
      "type": {
        "label": "string",
        "beforeExpr": false,
        "startsExpr": true,
        "rightAssociative": false,
        "isLoop": false,
        "isAssign": false,
        "prefix": false,
        "postfix": false,
        "binop": null,
        "updateContext": null
      },
      "value": "../libs/errors/InvalidTokenError",
      "start": 1222,
      "end": 1256,
      "loc": {
        "start": {
          "line": 21,
          "column": 31
        },
        "end": {
          "line": 21,
          "column": 65
        }
      }
    },
    {
      "type": {
        "label": ")",
        "beforeExpr": false,
        "startsExpr": false,
        "rightAssociative": false,
        "isLoop": false,
        "isAssign": false,
        "prefix": false,
        "postfix": false,
        "binop": null
      },
      "start": 1256,
      "end": 1257,
      "loc": {
        "start": {
          "line": 21,
          "column": 65
        },
        "end": {
          "line": 21,
          "column": 66
        }
      }
    },
    {
      "type": {
        "label": ",",
        "beforeExpr": true,
        "startsExpr": false,
        "rightAssociative": false,
        "isLoop": false,
        "isAssign": false,
        "prefix": false,
        "postfix": false,
        "binop": null,
        "updateContext": null
      },
      "start": 1257,
      "end": 1258,
      "loc": {
        "start": {
          "line": 21,
          "column": 66
        },
        "end": {
          "line": 21,
          "column": 67
        }
      }
    },
    {
      "type": {
        "label": "name",
        "beforeExpr": false,
        "startsExpr": true,
        "rightAssociative": false,
        "isLoop": false,
        "isAssign": false,
        "prefix": false,
        "postfix": false,
        "binop": null
      },
      "value": "InternalServer",
      "start": 1261,
      "end": 1275,
      "loc": {
        "start": {
          "line": 22,
          "column": 2
        },
        "end": {
          "line": 22,
          "column": 16
        }
      }
    },
    {
      "type": {
        "label": ":",
        "beforeExpr": true,
        "startsExpr": false,
        "rightAssociative": false,
        "isLoop": false,
        "isAssign": false,
        "prefix": false,
        "postfix": false,
        "binop": null,
        "updateContext": null
      },
      "start": 1280,
      "end": 1281,
      "loc": {
        "start": {
          "line": 22,
          "column": 21
        },
        "end": {
          "line": 22,
          "column": 22
        }
      }
    },
    {
      "type": {
        "label": "name",
        "beforeExpr": false,
        "startsExpr": true,
        "rightAssociative": false,
        "isLoop": false,
        "isAssign": false,
        "prefix": false,
        "postfix": false,
        "binop": null
      },
      "value": "require",
      "start": 1282,
      "end": 1289,
      "loc": {
        "start": {
          "line": 22,
          "column": 23
        },
        "end": {
          "line": 22,
          "column": 30
        }
      }
    },
    {
      "type": {
        "label": "(",
        "beforeExpr": true,
        "startsExpr": true,
        "rightAssociative": false,
        "isLoop": false,
        "isAssign": false,
        "prefix": false,
        "postfix": false,
        "binop": null
      },
      "start": 1289,
      "end": 1290,
      "loc": {
        "start": {
          "line": 22,
          "column": 30
        },
        "end": {
          "line": 22,
          "column": 31
        }
      }
    },
    {
      "type": {
        "label": "string",
        "beforeExpr": false,
        "startsExpr": true,
        "rightAssociative": false,
        "isLoop": false,
        "isAssign": false,
        "prefix": false,
        "postfix": false,
        "binop": null,
        "updateContext": null
      },
      "value": "../libs/errors/InternalServerError",
      "start": 1290,
      "end": 1326,
      "loc": {
        "start": {
          "line": 22,
          "column": 31
        },
        "end": {
          "line": 22,
          "column": 67
        }
      }
    },
    {
      "type": {
        "label": ")",
        "beforeExpr": false,
        "startsExpr": false,
        "rightAssociative": false,
        "isLoop": false,
        "isAssign": false,
        "prefix": false,
        "postfix": false,
        "binop": null
      },
      "start": 1326,
      "end": 1327,
      "loc": {
        "start": {
          "line": 22,
          "column": 67
        },
        "end": {
          "line": 22,
          "column": 68
        }
      }
    },
    {
      "type": {
        "label": "}",
        "beforeExpr": false,
        "startsExpr": false,
        "rightAssociative": false,
        "isLoop": false,
        "isAssign": false,
        "prefix": false,
        "postfix": false,
        "binop": null
      },
      "start": 1328,
      "end": 1329,
      "loc": {
        "start": {
          "line": 23,
          "column": 0
        },
        "end": {
          "line": 23,
          "column": 1
        }
      }
    },
    {
      "type": {
        "label": "name",
        "beforeExpr": false,
        "startsExpr": true,
        "rightAssociative": false,
        "isLoop": false,
        "isAssign": false,
        "prefix": false,
        "postfix": false,
        "binop": null
      },
      "value": "module",
      "start": 1331,
      "end": 1337,
      "loc": {
        "start": {
          "line": 25,
          "column": 0
        },
        "end": {
          "line": 25,
          "column": 6
        }
      }
    },
    {
      "type": {
        "label": ".",
        "beforeExpr": false,
        "startsExpr": false,
        "rightAssociative": false,
        "isLoop": false,
        "isAssign": false,
        "prefix": false,
        "postfix": false,
        "binop": null,
        "updateContext": null
      },
      "start": 1337,
      "end": 1338,
      "loc": {
        "start": {
          "line": 25,
          "column": 6
        },
        "end": {
          "line": 25,
          "column": 7
        }
      }
    },
    {
      "type": {
        "label": "name",
        "beforeExpr": false,
        "startsExpr": true,
        "rightAssociative": false,
        "isLoop": false,
        "isAssign": false,
        "prefix": false,
        "postfix": false,
        "binop": null
      },
      "value": "exports",
      "start": 1338,
      "end": 1345,
      "loc": {
        "start": {
          "line": 25,
          "column": 7
        },
        "end": {
          "line": 25,
          "column": 14
        }
      }
    },
    {
      "type": {
        "label": "=",
        "beforeExpr": true,
        "startsExpr": false,
        "rightAssociative": false,
        "isLoop": false,
        "isAssign": true,
        "prefix": false,
        "postfix": false,
        "binop": null,
        "updateContext": null
      },
      "value": "=",
      "start": 1346,
      "end": 1347,
      "loc": {
        "start": {
          "line": 25,
          "column": 15
        },
        "end": {
          "line": 25,
          "column": 16
        }
      }
    },
    {
      "type": {
        "label": "name",
        "beforeExpr": false,
        "startsExpr": true,
        "rightAssociative": false,
        "isLoop": false,
        "isAssign": false,
        "prefix": false,
        "postfix": false,
        "binop": null
      },
      "value": "errors",
      "start": 1348,
      "end": 1354,
      "loc": {
        "start": {
          "line": 25,
          "column": 17
        },
        "end": {
          "line": 25,
          "column": 23
        }
      }
    },
    {
      "type": {
        "label": "eof",
        "beforeExpr": false,
        "startsExpr": false,
        "rightAssociative": false,
        "isLoop": false,
        "isAssign": false,
        "prefix": false,
        "postfix": false,
        "binop": null,
        "updateContext": null
      },
      "start": 1355,
      "end": 1355,
      "loc": {
        "start": {
          "line": 26,
          "column": 0
        },
        "end": {
          "line": 26,
          "column": 0
        }
      }
    }
  ]
}