{
  "type": "File",
  "start": 0,
  "end": 490,
  "loc": {
    "start": {
      "line": 1,
      "column": 0
    },
    "end": {
      "line": 15,
      "column": 0
    }
  },
  "program": {
    "type": "Program",
    "start": 0,
    "end": 490,
    "loc": {
      "start": {
        "line": 1,
        "column": 0
      },
      "end": {
        "line": 15,
        "column": 0
      }
    },
    "sourceType": "module",
    "body": [
      {
        "type": "VariableDeclaration",
        "start": 267,
        "end": 461,
        "loc": {
          "start": {
            "line": 8,
            "column": 0
          },
          "end": {
            "line": 12,
            "column": 1
          }
        },
        "declarations": [
          {
            "type": "VariableDeclarator",
            "start": 273,
            "end": 461,
            "loc": {
              "start": {
                "line": 8,
                "column": 6
              },
              "end": {
                "line": 12,
                "column": 1
              }
            },
            "id": {
              "type": "Identifier",
              "start": 273,
              "end": 282,
              "loc": {
                "start": {
                  "line": 8,
                  "column": 6
                },
                "end": {
                  "line": 8,
                  "column": 15
                },
                "identifierName": "successes"
              },
              "name": "successes",
              "leadingComments": null
            },
            "init": {
              "type": "ObjectExpression",
              "start": 285,
              "end": 461,
              "loc": {
                "start": {
                  "line": 8,
                  "column": 18
                },
                "end": {
                  "line": 12,
                  "column": 1
                }
              },
              "properties": [
                {
                  "type": "ObjectProperty",
                  "start": 289,
                  "end": 339,
                  "loc": {
                    "start": {
                      "line": 9,
                      "column": 2
                    },
                    "end": {
                      "line": 9,
                      "column": 52
                    }
                  },
                  "method": false,
                  "shorthand": false,
                  "computed": false,
                  "key": {
                    "type": "Identifier",
                    "start": 289,
                    "end": 291,
                    "loc": {
                      "start": {
                        "line": 9,
                        "column": 2
                      },
                      "end": {
                        "line": 9,
                        "column": 4
                      },
                      "identifierName": "Ok"
                    },
                    "name": "Ok"
                  },
                  "value": {
                    "type": "CallExpression",
                    "start": 301,
                    "end": 339,
                    "loc": {
                      "start": {
                        "line": 9,
                        "column": 14
                      },
                      "end": {
                        "line": 9,
                        "column": 52
                      }
                    },
                    "callee": {
                      "type": "Identifier",
                      "start": 301,
                      "end": 308,
                      "loc": {
                        "start": {
                          "line": 9,
                          "column": 14
                        },
                        "end": {
                          "line": 9,
                          "column": 21
                        },
                        "identifierName": "require"
                      },
                      "name": "require"
                    },
                    "arguments": [
                      {
                        "type": "StringLiteral",
                        "start": 309,
                        "end": 338,
                        "loc": {
                          "start": {
                            "line": 9,
                            "column": 22
                          },
                          "end": {
                            "line": 9,
                            "column": 51
                          }
                        },
                        "extra": {
                          "rawValue": "../libs/successes/OkSuccess",
                          "raw": "'../libs/successes/OkSuccess'"
                        },
                        "value": "../libs/successes/OkSuccess"
                      }
                    ]
                  }
                },
                {
                  "type": "ObjectProperty",
                  "start": 343,
                  "end": 398,
                  "loc": {
                    "start": {
                      "line": 10,
                      "column": 2
                    },
                    "end": {
                      "line": 10,
                      "column": 57
                    }
                  },
                  "method": false,
                  "shorthand": false,
                  "computed": false,
                  "key": {
                    "type": "Identifier",
                    "start": 343,
                    "end": 350,
                    "loc": {
                      "start": {
                        "line": 10,
                        "column": 2
                      },
                      "end": {
                        "line": 10,
                        "column": 9
                      },
                      "identifierName": "Created"
                    },
                    "name": "Created"
                  },
                  "value": {
                    "type": "CallExpression",
                    "start": 355,
                    "end": 398,
                    "loc": {
                      "start": {
                        "line": 10,
                        "column": 14
                      },
                      "end": {
                        "line": 10,
                        "column": 57
                      }
                    },
                    "callee": {
                      "type": "Identifier",
                      "start": 355,
                      "end": 362,
                      "loc": {
                        "start": {
                          "line": 10,
                          "column": 14
                        },
                        "end": {
                          "line": 10,
                          "column": 21
                        },
                        "identifierName": "require"
                      },
                      "name": "require"
                    },
                    "arguments": [
                      {
                        "type": "StringLiteral",
                        "start": 363,
                        "end": 397,
                        "loc": {
                          "start": {
                            "line": 10,
                            "column": 22
                          },
                          "end": {
                            "line": 10,
                            "column": 56
                          }
                        },
                        "extra": {
                          "rawValue": "../libs/successes/CreatedSuccess",
                          "raw": "'../libs/successes/CreatedSuccess'"
                        },
                        "value": "../libs/successes/CreatedSuccess"
                      }
                    ]
                  }
                },
                {
                  "type": "ObjectProperty",
                  "start": 402,
                  "end": 459,
                  "loc": {
                    "start": {
                      "line": 11,
                      "column": 2
                    },
                    "end": {
                      "line": 11,
                      "column": 59
                    }
                  },
                  "method": false,
                  "shorthand": false,
                  "computed": false,
                  "key": {
                    "type": "Identifier",
                    "start": 402,
                    "end": 411,
                    "loc": {
                      "start": {
                        "line": 11,
                        "column": 2
                      },
                      "end": {
                        "line": 11,
                        "column": 11
                      },
                      "identifierName": "NoContent"
                    },
                    "name": "NoContent"
                  },
                  "value": {
                    "type": "CallExpression",
                    "start": 414,
                    "end": 459,
                    "loc": {
                      "start": {
                        "line": 11,
                        "column": 14
                      },
                      "end": {
                        "line": 11,
                        "column": 59
                      }
                    },
                    "callee": {
                      "type": "Identifier",
                      "start": 414,
                      "end": 421,
                      "loc": {
                        "start": {
                          "line": 11,
                          "column": 14
                        },
                        "end": {
                          "line": 11,
                          "column": 21
                        },
                        "identifierName": "require"
                      },
                      "name": "require"
                    },
                    "arguments": [
                      {
                        "type": "StringLiteral",
                        "start": 422,
                        "end": 458,
                        "loc": {
                          "start": {
                            "line": 11,
                            "column": 22
                          },
                          "end": {
                            "line": 11,
                            "column": 58
                          }
                        },
                        "extra": {
                          "rawValue": "../libs/successes/NoContentSuccess",
                          "raw": "'../libs/successes/NoContentSuccess'"
                        },
                        "value": "../libs/successes/NoContentSuccess"
                      }
                    ]
                  }
                }
              ]
            },
            "leadingComments": null
          }
        ],
        "kind": "const",
        "leadingComments": [
          {
            "type": "CommentBlock",
            "value": "*\n* Objeto para instanciar objetos de tipo 'success'\n* @type {Object}\n* @property {OkSuccess}         Ok        - Clase OkSuccess\n* @property {CreatedSuccess}    Created   - Clase CreatedSuccess\n* @property {NoContentSuccess}  NoContent - Clase NoContentSuccess\n",
            "start": 0,
            "end": 266,
            "loc": {
              "start": {
                "line": 1,
                "column": 0
              },
              "end": {
                "line": 7,
                "column": 2
              }
            }
          }
        ]
      },
      {
        "type": "ExpressionStatement",
        "start": 463,
        "end": 489,
        "loc": {
          "start": {
            "line": 14,
            "column": 0
          },
          "end": {
            "line": 14,
            "column": 26
          }
        },
        "expression": {
          "type": "AssignmentExpression",
          "start": 463,
          "end": 489,
          "loc": {
            "start": {
              "line": 14,
              "column": 0
            },
            "end": {
              "line": 14,
              "column": 26
            }
          },
          "operator": "=",
          "left": {
            "type": "MemberExpression",
            "start": 463,
            "end": 477,
            "loc": {
              "start": {
                "line": 14,
                "column": 0
              },
              "end": {
                "line": 14,
                "column": 14
              }
            },
            "object": {
              "type": "Identifier",
              "start": 463,
              "end": 469,
              "loc": {
                "start": {
                  "line": 14,
                  "column": 0
                },
                "end": {
                  "line": 14,
                  "column": 6
                },
                "identifierName": "module"
              },
              "name": "module"
            },
            "property": {
              "type": "Identifier",
              "start": 470,
              "end": 477,
              "loc": {
                "start": {
                  "line": 14,
                  "column": 7
                },
                "end": {
                  "line": 14,
                  "column": 14
                },
                "identifierName": "exports"
              },
              "name": "exports"
            },
            "computed": false
          },
          "right": {
            "type": "Identifier",
            "start": 480,
            "end": 489,
            "loc": {
              "start": {
                "line": 14,
                "column": 17
              },
              "end": {
                "line": 14,
                "column": 26
              },
              "identifierName": "successes"
            },
            "name": "successes"
          }
        }
      }
    ],
    "directives": []
  },
  "comments": [
    {
      "type": "CommentBlock",
      "value": "*\n* Objeto para instanciar objetos de tipo 'success'\n* @type {Object}\n* @property {OkSuccess}         Ok        - Clase OkSuccess\n* @property {CreatedSuccess}    Created   - Clase CreatedSuccess\n* @property {NoContentSuccess}  NoContent - Clase NoContentSuccess\n",
      "start": 0,
      "end": 266,
      "loc": {
        "start": {
          "line": 1,
          "column": 0
        },
        "end": {
          "line": 7,
          "column": 2
        }
      }
    }
  ],
  "tokens": [
    {
      "type": "CommentBlock",
      "value": "*\n* Objeto para instanciar objetos de tipo 'success'\n* @type {Object}\n* @property {OkSuccess}         Ok        - Clase OkSuccess\n* @property {CreatedSuccess}    Created   - Clase CreatedSuccess\n* @property {NoContentSuccess}  NoContent - Clase NoContentSuccess\n",
      "start": 0,
      "end": 266,
      "loc": {
        "start": {
          "line": 1,
          "column": 0
        },
        "end": {
          "line": 7,
          "column": 2
        }
      }
    },
    {
      "type": {
        "label": "const",
        "keyword": "const",
        "beforeExpr": false,
        "startsExpr": false,
        "rightAssociative": false,
        "isLoop": false,
        "isAssign": false,
        "prefix": false,
        "postfix": false,
        "binop": null,
        "updateContext": null
      },
      "value": "const",
      "start": 267,
      "end": 272,
      "loc": {
        "start": {
          "line": 8,
          "column": 0
        },
        "end": {
          "line": 8,
          "column": 5
        }
      }
    },
    {
      "type": {
        "label": "name",
        "beforeExpr": false,
        "startsExpr": true,
        "rightAssociative": false,
        "isLoop": false,
        "isAssign": false,
        "prefix": false,
        "postfix": false,
        "binop": null
      },
      "value": "successes",
      "start": 273,
      "end": 282,
      "loc": {
        "start": {
          "line": 8,
          "column": 6
        },
        "end": {
          "line": 8,
          "column": 15
        }
      }
    },
    {
      "type": {
        "label": "=",
        "beforeExpr": true,
        "startsExpr": false,
        "rightAssociative": false,
        "isLoop": false,
        "isAssign": true,
        "prefix": false,
        "postfix": false,
        "binop": null,
        "updateContext": null
      },
      "value": "=",
      "start": 283,
      "end": 284,
      "loc": {
        "start": {
          "line": 8,
          "column": 16
        },
        "end": {
          "line": 8,
          "column": 17
        }
      }
    },
    {
      "type": {
        "label": "{",
        "beforeExpr": true,
        "startsExpr": true,
        "rightAssociative": false,
        "isLoop": false,
        "isAssign": false,
        "prefix": false,
        "postfix": false,
        "binop": null
      },
      "start": 285,
      "end": 286,
      "loc": {
        "start": {
          "line": 8,
          "column": 18
        },
        "end": {
          "line": 8,
          "column": 19
        }
      }
    },
    {
      "type": {
        "label": "name",
        "beforeExpr": false,
        "startsExpr": true,
        "rightAssociative": false,
        "isLoop": false,
        "isAssign": false,
        "prefix": false,
        "postfix": false,
        "binop": null
      },
      "value": "Ok",
      "start": 289,
      "end": 291,
      "loc": {
        "start": {
          "line": 9,
          "column": 2
        },
        "end": {
          "line": 9,
          "column": 4
        }
      }
    },
    {
      "type": {
        "label": ":",
        "beforeExpr": true,
        "startsExpr": false,
        "rightAssociative": false,
        "isLoop": false,
        "isAssign": false,
        "prefix": false,
        "postfix": false,
        "binop": null,
        "updateContext": null
      },
      "start": 299,
      "end": 300,
      "loc": {
        "start": {
          "line": 9,
          "column": 12
        },
        "end": {
          "line": 9,
          "column": 13
        }
      }
    },
    {
      "type": {
        "label": "name",
        "beforeExpr": false,
        "startsExpr": true,
        "rightAssociative": false,
        "isLoop": false,
        "isAssign": false,
        "prefix": false,
        "postfix": false,
        "binop": null
      },
      "value": "require",
      "start": 301,
      "end": 308,
      "loc": {
        "start": {
          "line": 9,
          "column": 14
        },
        "end": {
          "line": 9,
          "column": 21
        }
      }
    },
    {
      "type": {
        "label": "(",
        "beforeExpr": true,
        "startsExpr": true,
        "rightAssociative": false,
        "isLoop": false,
        "isAssign": false,
        "prefix": false,
        "postfix": false,
        "binop": null
      },
      "start": 308,
      "end": 309,
      "loc": {
        "start": {
          "line": 9,
          "column": 21
        },
        "end": {
          "line": 9,
          "column": 22
        }
      }
    },
    {
      "type": {
        "label": "string",
        "beforeExpr": false,
        "startsExpr": true,
        "rightAssociative": false,
        "isLoop": false,
        "isAssign": false,
        "prefix": false,
        "postfix": false,
        "binop": null,
        "updateContext": null
      },
      "value": "../libs/successes/OkSuccess",
      "start": 309,
      "end": 338,
      "loc": {
        "start": {
          "line": 9,
          "column": 22
        },
        "end": {
          "line": 9,
          "column": 51
        }
      }
    },
    {
      "type": {
        "label": ")",
        "beforeExpr": false,
        "startsExpr": false,
        "rightAssociative": false,
        "isLoop": false,
        "isAssign": false,
        "prefix": false,
        "postfix": false,
        "binop": null
      },
      "start": 338,
      "end": 339,
      "loc": {
        "start": {
          "line": 9,
          "column": 51
        },
        "end": {
          "line": 9,
          "column": 52
        }
      }
    },
    {
      "type": {
        "label": ",",
        "beforeExpr": true,
        "startsExpr": false,
        "rightAssociative": false,
        "isLoop": false,
        "isAssign": false,
        "prefix": false,
        "postfix": false,
        "binop": null,
        "updateContext": null
      },
      "start": 339,
      "end": 340,
      "loc": {
        "start": {
          "line": 9,
          "column": 52
        },
        "end": {
          "line": 9,
          "column": 53
        }
      }
    },
    {
      "type": {
        "label": "name",
        "beforeExpr": false,
        "startsExpr": true,
        "rightAssociative": false,
        "isLoop": false,
        "isAssign": false,
        "prefix": false,
        "postfix": false,
        "binop": null
      },
      "value": "Created",
      "start": 343,
      "end": 350,
      "loc": {
        "start": {
          "line": 10,
          "column": 2
        },
        "end": {
          "line": 10,
          "column": 9
        }
      }
    },
    {
      "type": {
        "label": ":",
        "beforeExpr": true,
        "startsExpr": false,
        "rightAssociative": false,
        "isLoop": false,
        "isAssign": false,
        "prefix": false,
        "postfix": false,
        "binop": null,
        "updateContext": null
      },
      "start": 353,
      "end": 354,
      "loc": {
        "start": {
          "line": 10,
          "column": 12
        },
        "end": {
          "line": 10,
          "column": 13
        }
      }
    },
    {
      "type": {
        "label": "name",
        "beforeExpr": false,
        "startsExpr": true,
        "rightAssociative": false,
        "isLoop": false,
        "isAssign": false,
        "prefix": false,
        "postfix": false,
        "binop": null
      },
      "value": "require",
      "start": 355,
      "end": 362,
      "loc": {
        "start": {
          "line": 10,
          "column": 14
        },
        "end": {
          "line": 10,
          "column": 21
        }
      }
    },
    {
      "type": {
        "label": "(",
        "beforeExpr": true,
        "startsExpr": true,
        "rightAssociative": false,
        "isLoop": false,
        "isAssign": false,
        "prefix": false,
        "postfix": false,
        "binop": null
      },
      "start": 362,
      "end": 363,
      "loc": {
        "start": {
          "line": 10,
          "column": 21
        },
        "end": {
          "line": 10,
          "column": 22
        }
      }
    },
    {
      "type": {
        "label": "string",
        "beforeExpr": false,
        "startsExpr": true,
        "rightAssociative": false,
        "isLoop": false,
        "isAssign": false,
        "prefix": false,
        "postfix": false,
        "binop": null,
        "updateContext": null
      },
      "value": "../libs/successes/CreatedSuccess",
      "start": 363,
      "end": 397,
      "loc": {
        "start": {
          "line": 10,
          "column": 22
        },
        "end": {
          "line": 10,
          "column": 56
        }
      }
    },
    {
      "type": {
        "label": ")",
        "beforeExpr": false,
        "startsExpr": false,
        "rightAssociative": false,
        "isLoop": false,
        "isAssign": false,
        "prefix": false,
        "postfix": false,
        "binop": null
      },
      "start": 397,
      "end": 398,
      "loc": {
        "start": {
          "line": 10,
          "column": 56
        },
        "end": {
          "line": 10,
          "column": 57
        }
      }
    },
    {
      "type": {
        "label": ",",
        "beforeExpr": true,
        "startsExpr": false,
        "rightAssociative": false,
        "isLoop": false,
        "isAssign": false,
        "prefix": false,
        "postfix": false,
        "binop": null,
        "updateContext": null
      },
      "start": 398,
      "end": 399,
      "loc": {
        "start": {
          "line": 10,
          "column": 57
        },
        "end": {
          "line": 10,
          "column": 58
        }
      }
    },
    {
      "type": {
        "label": "name",
        "beforeExpr": false,
        "startsExpr": true,
        "rightAssociative": false,
        "isLoop": false,
        "isAssign": false,
        "prefix": false,
        "postfix": false,
        "binop": null
      },
      "value": "NoContent",
      "start": 402,
      "end": 411,
      "loc": {
        "start": {
          "line": 11,
          "column": 2
        },
        "end": {
          "line": 11,
          "column": 11
        }
      }
    },
    {
      "type": {
        "label": ":",
        "beforeExpr": true,
        "startsExpr": false,
        "rightAssociative": false,
        "isLoop": false,
        "isAssign": false,
        "prefix": false,
        "postfix": false,
        "binop": null,
        "updateContext": null
      },
      "start": 412,
      "end": 413,
      "loc": {
        "start": {
          "line": 11,
          "column": 12
        },
        "end": {
          "line": 11,
          "column": 13
        }
      }
    },
    {
      "type": {
        "label": "name",
        "beforeExpr": false,
        "startsExpr": true,
        "rightAssociative": false,
        "isLoop": false,
        "isAssign": false,
        "prefix": false,
        "postfix": false,
        "binop": null
      },
      "value": "require",
      "start": 414,
      "end": 421,
      "loc": {
        "start": {
          "line": 11,
          "column": 14
        },
        "end": {
          "line": 11,
          "column": 21
        }
      }
    },
    {
      "type": {
        "label": "(",
        "beforeExpr": true,
        "startsExpr": true,
        "rightAssociative": false,
        "isLoop": false,
        "isAssign": false,
        "prefix": false,
        "postfix": false,
        "binop": null
      },
      "start": 421,
      "end": 422,
      "loc": {
        "start": {
          "line": 11,
          "column": 21
        },
        "end": {
          "line": 11,
          "column": 22
        }
      }
    },
    {
      "type": {
        "label": "string",
        "beforeExpr": false,
        "startsExpr": true,
        "rightAssociative": false,
        "isLoop": false,
        "isAssign": false,
        "prefix": false,
        "postfix": false,
        "binop": null,
        "updateContext": null
      },
      "value": "../libs/successes/NoContentSuccess",
      "start": 422,
      "end": 458,
      "loc": {
        "start": {
          "line": 11,
          "column": 22
        },
        "end": {
          "line": 11,
          "column": 58
        }
      }
    },
    {
      "type": {
        "label": ")",
        "beforeExpr": false,
        "startsExpr": false,
        "rightAssociative": false,
        "isLoop": false,
        "isAssign": false,
        "prefix": false,
        "postfix": false,
        "binop": null
      },
      "start": 458,
      "end": 459,
      "loc": {
        "start": {
          "line": 11,
          "column": 58
        },
        "end": {
          "line": 11,
          "column": 59
        }
      }
    },
    {
      "type": {
        "label": "}",
        "beforeExpr": false,
        "startsExpr": false,
        "rightAssociative": false,
        "isLoop": false,
        "isAssign": false,
        "prefix": false,
        "postfix": false,
        "binop": null
      },
      "start": 460,
      "end": 461,
      "loc": {
        "start": {
          "line": 12,
          "column": 0
        },
        "end": {
          "line": 12,
          "column": 1
        }
      }
    },
    {
      "type": {
        "label": "name",
        "beforeExpr": false,
        "startsExpr": true,
        "rightAssociative": false,
        "isLoop": false,
        "isAssign": false,
        "prefix": false,
        "postfix": false,
        "binop": null
      },
      "value": "module",
      "start": 463,
      "end": 469,
      "loc": {
        "start": {
          "line": 14,
          "column": 0
        },
        "end": {
          "line": 14,
          "column": 6
        }
      }
    },
    {
      "type": {
        "label": ".",
        "beforeExpr": false,
        "startsExpr": false,
        "rightAssociative": false,
        "isLoop": false,
        "isAssign": false,
        "prefix": false,
        "postfix": false,
        "binop": null,
        "updateContext": null
      },
      "start": 469,
      "end": 470,
      "loc": {
        "start": {
          "line": 14,
          "column": 6
        },
        "end": {
          "line": 14,
          "column": 7
        }
      }
    },
    {
      "type": {
        "label": "name",
        "beforeExpr": false,
        "startsExpr": true,
        "rightAssociative": false,
        "isLoop": false,
        "isAssign": false,
        "prefix": false,
        "postfix": false,
        "binop": null
      },
      "value": "exports",
      "start": 470,
      "end": 477,
      "loc": {
        "start": {
          "line": 14,
          "column": 7
        },
        "end": {
          "line": 14,
          "column": 14
        }
      }
    },
    {
      "type": {
        "label": "=",
        "beforeExpr": true,
        "startsExpr": false,
        "rightAssociative": false,
        "isLoop": false,
        "isAssign": true,
        "prefix": false,
        "postfix": false,
        "binop": null,
        "updateContext": null
      },
      "value": "=",
      "start": 478,
      "end": 479,
      "loc": {
        "start": {
          "line": 14,
          "column": 15
        },
        "end": {
          "line": 14,
          "column": 16
        }
      }
    },
    {
      "type": {
        "label": "name",
        "beforeExpr": false,
        "startsExpr": true,
        "rightAssociative": false,
        "isLoop": false,
        "isAssign": false,
        "prefix": false,
        "postfix": false,
        "binop": null
      },
      "value": "successes",
      "start": 480,
      "end": 489,
      "loc": {
        "start": {
          "line": 14,
          "column": 17
        },
        "end": {
          "line": 14,
          "column": 26
        }
      }
    },
    {
      "type": {
        "label": "eof",
        "beforeExpr": false,
        "startsExpr": false,
        "rightAssociative": false,
        "isLoop": false,
        "isAssign": false,
        "prefix": false,
        "postfix": false,
        "binop": null,
        "updateContext": null
      },
      "start": 490,
      "end": 490,
      "loc": {
        "start": {
          "line": 15,
          "column": 0
        },
        "end": {
          "line": 15,
          "column": 0
        }
      }
    }
  ]
}