{
  "type": "File",
  "start": 0,
  "end": 1078,
  "loc": {
    "start": {
      "line": 1,
      "column": 0
    },
    "end": {
      "line": 43,
      "column": 0
    }
  },
  "program": {
    "type": "Program",
    "start": 0,
    "end": 1078,
    "loc": {
      "start": {
        "line": 1,
        "column": 0
      },
      "end": {
        "line": 43,
        "column": 0
      }
    },
    "sourceType": "module",
    "body": [
      {
        "type": "VariableDeclaration",
        "start": 15,
        "end": 68,
        "loc": {
          "start": {
            "line": 1,
            "column": 15
          },
          "end": {
            "line": 1,
            "column": 68
          }
        },
        "declarations": [
          {
            "type": "VariableDeclarator",
            "start": 21,
            "end": 68,
            "loc": {
              "start": {
                "line": 1,
                "column": 21
              },
              "end": {
                "line": 1,
                "column": 68
              }
            },
            "id": {
              "type": "Identifier",
              "start": 21,
              "end": 36,
              "loc": {
                "start": {
                  "line": 1,
                  "column": 21
                },
                "end": {
                  "line": 1,
                  "column": 36
                },
                "identifierName": "ResponseSuccess"
              },
              "name": "ResponseSuccess",
              "leadingComments": null
            },
            "init": {
              "type": "CallExpression",
              "start": 39,
              "end": 68,
              "loc": {
                "start": {
                  "line": 1,
                  "column": 39
                },
                "end": {
                  "line": 1,
                  "column": 68
                }
              },
              "callee": {
                "type": "Identifier",
                "start": 39,
                "end": 46,
                "loc": {
                  "start": {
                    "line": 1,
                    "column": 39
                  },
                  "end": {
                    "line": 1,
                    "column": 46
                  },
                  "identifierName": "require"
                },
                "name": "require"
              },
              "arguments": [
                {
                  "type": "StringLiteral",
                  "start": 47,
                  "end": 67,
                  "loc": {
                    "start": {
                      "line": 1,
                      "column": 47
                    },
                    "end": {
                      "line": 1,
                      "column": 67
                    }
                  },
                  "extra": {
                    "rawValue": "../ResponseSuccess",
                    "raw": "'../ResponseSuccess'"
                  },
                  "value": "../ResponseSuccess"
                }
              ],
              "trailingComments": null
            },
            "leadingComments": null,
            "trailingComments": null
          }
        ],
        "kind": "const",
        "leadingComments": [
          {
            "type": "CommentBlock",
            "value": "* @ignore ",
            "start": 0,
            "end": 14,
            "loc": {
              "start": {
                "line": 1,
                "column": 0
              },
              "end": {
                "line": 1,
                "column": 14
              }
            }
          }
        ],
        "trailingComments": [
          {
            "type": "CommentBlock",
            "value": "*\n* Clase NoContentSuccess\n",
            "start": 70,
            "end": 101,
            "loc": {
              "start": {
                "line": 3,
                "column": 0
              },
              "end": {
                "line": 5,
                "column": 2
              }
            }
          }
        ]
      },
      {
        "type": "ClassDeclaration",
        "start": 102,
        "end": 487,
        "loc": {
          "start": {
            "line": 6,
            "column": 0
          },
          "end": {
            "line": 20,
            "column": 1
          }
        },
        "id": {
          "type": "Identifier",
          "start": 108,
          "end": 124,
          "loc": {
            "start": {
              "line": 6,
              "column": 6
            },
            "end": {
              "line": 6,
              "column": 22
            },
            "identifierName": "NoContentSuccess"
          },
          "name": "NoContentSuccess",
          "leadingComments": null
        },
        "superClass": {
          "type": "Identifier",
          "start": 133,
          "end": 148,
          "loc": {
            "start": {
              "line": 6,
              "column": 31
            },
            "end": {
              "line": 6,
              "column": 46
            },
            "identifierName": "ResponseSuccess"
          },
          "name": "ResponseSuccess"
        },
        "body": {
          "type": "ClassBody",
          "start": 149,
          "end": 487,
          "loc": {
            "start": {
              "line": 6,
              "column": 47
            },
            "end": {
              "line": 20,
              "column": 1
            }
          },
          "body": [
            {
              "type": "ClassMethod",
              "start": 342,
              "end": 485,
              "loc": {
                "start": {
                  "line": 13,
                  "column": 2
                },
                "end": {
                  "line": 19,
                  "column": 3
                }
              },
              "static": false,
              "computed": false,
              "key": {
                "type": "Identifier",
                "start": 342,
                "end": 353,
                "loc": {
                  "start": {
                    "line": 13,
                    "column": 2
                  },
                  "end": {
                    "line": 13,
                    "column": 13
                  },
                  "identifierName": "constructor"
                },
                "name": "constructor",
                "leadingComments": null
              },
              "kind": "constructor",
              "id": null,
              "generator": false,
              "expression": false,
              "async": false,
              "params": [
                {
                  "type": "AssignmentPattern",
                  "start": 355,
                  "end": 389,
                  "loc": {
                    "start": {
                      "line": 13,
                      "column": 15
                    },
                    "end": {
                      "line": 13,
                      "column": 49
                    }
                  },
                  "left": {
                    "type": "Identifier",
                    "start": 355,
                    "end": 362,
                    "loc": {
                      "start": {
                        "line": 13,
                        "column": 15
                      },
                      "end": {
                        "line": 13,
                        "column": 22
                      },
                      "identifierName": "message"
                    },
                    "name": "message"
                  },
                  "right": {
                    "type": "MemberExpression",
                    "start": 365,
                    "end": 389,
                    "loc": {
                      "start": {
                        "line": 13,
                        "column": 25
                      },
                      "end": {
                        "line": 13,
                        "column": 49
                      }
                    },
                    "object": {
                      "type": "Identifier",
                      "start": 365,
                      "end": 381,
                      "loc": {
                        "start": {
                          "line": 13,
                          "column": 25
                        },
                        "end": {
                          "line": 13,
                          "column": 41
                        },
                        "identifierName": "NoContentSuccess"
                      },
                      "name": "NoContentSuccess"
                    },
                    "property": {
                      "type": "Identifier",
                      "start": 382,
                      "end": 389,
                      "loc": {
                        "start": {
                          "line": 13,
                          "column": 42
                        },
                        "end": {
                          "line": 13,
                          "column": 49
                        },
                        "identifierName": "MESSAGE"
                      },
                      "name": "MESSAGE"
                    },
                    "computed": false
                  }
                }
              ],
              "body": {
                "type": "BlockStatement",
                "start": 391,
                "end": 485,
                "loc": {
                  "start": {
                    "line": 13,
                    "column": 51
                  },
                  "end": {
                    "line": 19,
                    "column": 3
                  }
                },
                "body": [
                  {
                    "type": "ExpressionStatement",
                    "start": 397,
                    "end": 481,
                    "loc": {
                      "start": {
                        "line": 14,
                        "column": 4
                      },
                      "end": {
                        "line": 18,
                        "column": 5
                      }
                    },
                    "expression": {
                      "type": "CallExpression",
                      "start": 397,
                      "end": 481,
                      "loc": {
                        "start": {
                          "line": 14,
                          "column": 4
                        },
                        "end": {
                          "line": 18,
                          "column": 5
                        }
                      },
                      "callee": {
                        "type": "Super",
                        "start": 397,
                        "end": 402,
                        "loc": {
                          "start": {
                            "line": 14,
                            "column": 4
                          },
                          "end": {
                            "line": 14,
                            "column": 9
                          }
                        }
                      },
                      "arguments": [
                        {
                          "type": "MemberExpression",
                          "start": 410,
                          "end": 431,
                          "loc": {
                            "start": {
                              "line": 15,
                              "column": 6
                            },
                            "end": {
                              "line": 15,
                              "column": 27
                            }
                          },
                          "object": {
                            "type": "Identifier",
                            "start": 410,
                            "end": 426,
                            "loc": {
                              "start": {
                                "line": 15,
                                "column": 6
                              },
                              "end": {
                                "line": 15,
                                "column": 22
                              },
                              "identifierName": "NoContentSuccess"
                            },
                            "name": "NoContentSuccess"
                          },
                          "property": {
                            "type": "Identifier",
                            "start": 427,
                            "end": 431,
                            "loc": {
                              "start": {
                                "line": 15,
                                "column": 23
                              },
                              "end": {
                                "line": 15,
                                "column": 27
                              },
                              "identifierName": "TYPE"
                            },
                            "name": "TYPE"
                          },
                          "computed": false
                        },
                        {
                          "type": "MemberExpression",
                          "start": 439,
                          "end": 460,
                          "loc": {
                            "start": {
                              "line": 16,
                              "column": 6
                            },
                            "end": {
                              "line": 16,
                              "column": 27
                            }
                          },
                          "object": {
                            "type": "Identifier",
                            "start": 439,
                            "end": 455,
                            "loc": {
                              "start": {
                                "line": 16,
                                "column": 6
                              },
                              "end": {
                                "line": 16,
                                "column": 22
                              },
                              "identifierName": "NoContentSuccess"
                            },
                            "name": "NoContentSuccess"
                          },
                          "property": {
                            "type": "Identifier",
                            "start": 456,
                            "end": 460,
                            "loc": {
                              "start": {
                                "line": 16,
                                "column": 23
                              },
                              "end": {
                                "line": 16,
                                "column": 27
                              },
                              "identifierName": "CODE"
                            },
                            "name": "CODE"
                          },
                          "computed": false
                        },
                        {
                          "type": "Identifier",
                          "start": 468,
                          "end": 475,
                          "loc": {
                            "start": {
                              "line": 17,
                              "column": 6
                            },
                            "end": {
                              "line": 17,
                              "column": 13
                            },
                            "identifierName": "message"
                          },
                          "name": "message"
                        }
                      ]
                    }
                  }
                ],
                "directives": []
              },
              "leadingComments": [
                {
                  "type": "CommentBlock",
                  "value": "*\n  * Crea una instancia.\n  * @param {Object} [data]     - Datos.\n  * @param {String} [message]  - Descripción general de la respuesta.\n  * @param {Object} [metadata] - Metadatos.\n  ",
                  "start": 153,
                  "end": 339,
                  "loc": {
                    "start": {
                      "line": 7,
                      "column": 2
                    },
                    "end": {
                      "line": 12,
                      "column": 4
                    }
                  }
                }
              ]
            }
          ]
        },
        "leadingComments": [
          {
            "type": "CommentBlock",
            "value": "*\n* Clase NoContentSuccess\n",
            "start": 70,
            "end": 101,
            "loc": {
              "start": {
                "line": 3,
                "column": 0
              },
              "end": {
                "line": 5,
                "column": 2
              }
            }
          }
        ]
      },
      {
        "type": "ExpressionStatement",
        "start": 489,
        "end": 528,
        "loc": {
          "start": {
            "line": 22,
            "column": 0
          },
          "end": {
            "line": 22,
            "column": 39
          }
        },
        "expression": {
          "type": "AssignmentExpression",
          "start": 489,
          "end": 528,
          "loc": {
            "start": {
              "line": 22,
              "column": 0
            },
            "end": {
              "line": 22,
              "column": 39
            }
          },
          "operator": "=",
          "left": {
            "type": "MemberExpression",
            "start": 489,
            "end": 510,
            "loc": {
              "start": {
                "line": 22,
                "column": 0
              },
              "end": {
                "line": 22,
                "column": 21
              }
            },
            "object": {
              "type": "Identifier",
              "start": 489,
              "end": 505,
              "loc": {
                "start": {
                  "line": 22,
                  "column": 0
                },
                "end": {
                  "line": 22,
                  "column": 16
                },
                "identifierName": "NoContentSuccess"
              },
              "name": "NoContentSuccess"
            },
            "property": {
              "type": "Identifier",
              "start": 506,
              "end": 510,
              "loc": {
                "start": {
                  "line": 22,
                  "column": 17
                },
                "end": {
                  "line": 22,
                  "column": 21
                },
                "identifierName": "TYPE"
              },
              "name": "TYPE"
            },
            "computed": false
          },
          "right": {
            "type": "StringLiteral",
            "start": 516,
            "end": 528,
            "loc": {
              "start": {
                "line": 22,
                "column": 27
              },
              "end": {
                "line": 22,
                "column": 39
              }
            },
            "extra": {
              "rawValue": "NO CONTENT",
              "raw": "'NO CONTENT'"
            },
            "value": "NO CONTENT"
          }
        }
      },
      {
        "type": "ExpressionStatement",
        "start": 529,
        "end": 559,
        "loc": {
          "start": {
            "line": 23,
            "column": 0
          },
          "end": {
            "line": 23,
            "column": 30
          }
        },
        "expression": {
          "type": "AssignmentExpression",
          "start": 529,
          "end": 559,
          "loc": {
            "start": {
              "line": 23,
              "column": 0
            },
            "end": {
              "line": 23,
              "column": 30
            }
          },
          "operator": "=",
          "left": {
            "type": "MemberExpression",
            "start": 529,
            "end": 550,
            "loc": {
              "start": {
                "line": 23,
                "column": 0
              },
              "end": {
                "line": 23,
                "column": 21
              }
            },
            "object": {
              "type": "Identifier",
              "start": 529,
              "end": 545,
              "loc": {
                "start": {
                  "line": 23,
                  "column": 0
                },
                "end": {
                  "line": 23,
                  "column": 16
                },
                "identifierName": "NoContentSuccess"
              },
              "name": "NoContentSuccess"
            },
            "property": {
              "type": "Identifier",
              "start": 546,
              "end": 550,
              "loc": {
                "start": {
                  "line": 23,
                  "column": 17
                },
                "end": {
                  "line": 23,
                  "column": 21
                },
                "identifierName": "CODE"
              },
              "name": "CODE"
            },
            "computed": false
          },
          "right": {
            "type": "NumericLiteral",
            "start": 556,
            "end": 559,
            "loc": {
              "start": {
                "line": 23,
                "column": 27
              },
              "end": {
                "line": 23,
                "column": 30
              }
            },
            "extra": {
              "rawValue": 204,
              "raw": "204"
            },
            "value": 204
          }
        }
      },
      {
        "type": "ExpressionStatement",
        "start": 560,
        "end": 619,
        "loc": {
          "start": {
            "line": 24,
            "column": 0
          },
          "end": {
            "line": 24,
            "column": 59
          }
        },
        "expression": {
          "type": "AssignmentExpression",
          "start": 560,
          "end": 619,
          "loc": {
            "start": {
              "line": 24,
              "column": 0
            },
            "end": {
              "line": 24,
              "column": 59
            }
          },
          "operator": "=",
          "left": {
            "type": "MemberExpression",
            "start": 560,
            "end": 584,
            "loc": {
              "start": {
                "line": 24,
                "column": 0
              },
              "end": {
                "line": 24,
                "column": 24
              }
            },
            "object": {
              "type": "Identifier",
              "start": 560,
              "end": 576,
              "loc": {
                "start": {
                  "line": 24,
                  "column": 0
                },
                "end": {
                  "line": 24,
                  "column": 16
                },
                "identifierName": "NoContentSuccess"
              },
              "name": "NoContentSuccess"
            },
            "property": {
              "type": "Identifier",
              "start": 577,
              "end": 584,
              "loc": {
                "start": {
                  "line": 24,
                  "column": 17
                },
                "end": {
                  "line": 24,
                  "column": 24
                },
                "identifierName": "MESSAGE"
              },
              "name": "MESSAGE"
            },
            "computed": false
          },
          "right": {
            "type": "StringLiteral",
            "start": 587,
            "end": 619,
            "loc": {
              "start": {
                "line": 24,
                "column": 27
              },
              "end": {
                "line": 24,
                "column": 59
              }
            },
            "extra": {
              "rawValue": "Tarea completada exitosamente.",
              "raw": "'Tarea completada exitosamente.'"
            },
            "value": "Tarea completada exitosamente.",
            "leadingComments": null,
            "trailingComments": null
          },
          "trailingComments": null
        },
        "trailingComments": [
          {
            "type": "CommentBlock",
            "value": "*\n* @ignore\n* Crea un objeto NoContentSuccess sin invocar un constructor.\n* @param {Object} [data]     - Datos.\n* @param {String} [message]  - Descripción general de la respuesta.\n* @param {Object} [metadata] - Metadatos.\n* @return {OkSuccess}\n",
            "start": 621,
            "end": 869,
            "loc": {
              "start": {
                "line": 26,
                "column": 0
              },
              "end": {
                "line": 33,
                "column": 2
              }
            }
          }
        ]
      },
      {
        "type": "ExpressionStatement",
        "start": 870,
        "end": 1042,
        "loc": {
          "start": {
            "line": 34,
            "column": 0
          },
          "end": {
            "line": 40,
            "column": 1
          }
        },
        "expression": {
          "type": "AssignmentExpression",
          "start": 870,
          "end": 1042,
          "loc": {
            "start": {
              "line": 34,
              "column": 0
            },
            "end": {
              "line": 40,
              "column": 1
            }
          },
          "operator": "=",
          "left": {
            "type": "MemberExpression",
            "start": 870,
            "end": 893,
            "loc": {
              "start": {
                "line": 34,
                "column": 0
              },
              "end": {
                "line": 34,
                "column": 23
              }
            },
            "object": {
              "type": "Identifier",
              "start": 870,
              "end": 886,
              "loc": {
                "start": {
                  "line": 34,
                  "column": 0
                },
                "end": {
                  "line": 34,
                  "column": 16
                },
                "identifierName": "NoContentSuccess"
              },
              "name": "NoContentSuccess",
              "leadingComments": null
            },
            "property": {
              "type": "Identifier",
              "start": 887,
              "end": 893,
              "loc": {
                "start": {
                  "line": 34,
                  "column": 17
                },
                "end": {
                  "line": 34,
                  "column": 23
                },
                "identifierName": "create"
              },
              "name": "create"
            },
            "computed": false,
            "leadingComments": null
          },
          "right": {
            "type": "ArrowFunctionExpression",
            "start": 896,
            "end": 1042,
            "loc": {
              "start": {
                "line": 34,
                "column": 26
              },
              "end": {
                "line": 40,
                "column": 1
              }
            },
            "id": null,
            "generator": false,
            "expression": false,
            "async": false,
            "params": [
              {
                "type": "AssignmentPattern",
                "start": 897,
                "end": 931,
                "loc": {
                  "start": {
                    "line": 34,
                    "column": 27
                  },
                  "end": {
                    "line": 34,
                    "column": 61
                  }
                },
                "left": {
                  "type": "Identifier",
                  "start": 897,
                  "end": 904,
                  "loc": {
                    "start": {
                      "line": 34,
                      "column": 27
                    },
                    "end": {
                      "line": 34,
                      "column": 34
                    },
                    "identifierName": "message"
                  },
                  "name": "message"
                },
                "right": {
                  "type": "MemberExpression",
                  "start": 907,
                  "end": 931,
                  "loc": {
                    "start": {
                      "line": 34,
                      "column": 37
                    },
                    "end": {
                      "line": 34,
                      "column": 61
                    }
                  },
                  "object": {
                    "type": "Identifier",
                    "start": 907,
                    "end": 923,
                    "loc": {
                      "start": {
                        "line": 34,
                        "column": 37
                      },
                      "end": {
                        "line": 34,
                        "column": 53
                      },
                      "identifierName": "NoContentSuccess"
                    },
                    "name": "NoContentSuccess"
                  },
                  "property": {
                    "type": "Identifier",
                    "start": 924,
                    "end": 931,
                    "loc": {
                      "start": {
                        "line": 34,
                        "column": 54
                      },
                      "end": {
                        "line": 34,
                        "column": 61
                      },
                      "identifierName": "MESSAGE"
                    },
                    "name": "MESSAGE"
                  },
                  "computed": false
                }
              }
            ],
            "body": {
              "type": "BlockStatement",
              "start": 936,
              "end": 1042,
              "loc": {
                "start": {
                  "line": 34,
                  "column": 66
                },
                "end": {
                  "line": 40,
                  "column": 1
                }
              },
              "body": [
                {
                  "type": "ReturnStatement",
                  "start": 940,
                  "end": 1040,
                  "loc": {
                    "start": {
                      "line": 35,
                      "column": 2
                    },
                    "end": {
                      "line": 39,
                      "column": 3
                    }
                  },
                  "argument": {
                    "type": "CallExpression",
                    "start": 947,
                    "end": 1040,
                    "loc": {
                      "start": {
                        "line": 35,
                        "column": 9
                      },
                      "end": {
                        "line": 39,
                        "column": 3
                      }
                    },
                    "callee": {
                      "type": "MemberExpression",
                      "start": 947,
                      "end": 969,
                      "loc": {
                        "start": {
                          "line": 35,
                          "column": 9
                        },
                        "end": {
                          "line": 35,
                          "column": 31
                        }
                      },
                      "object": {
                        "type": "Identifier",
                        "start": 947,
                        "end": 962,
                        "loc": {
                          "start": {
                            "line": 35,
                            "column": 9
                          },
                          "end": {
                            "line": 35,
                            "column": 24
                          },
                          "identifierName": "ResponseSuccess"
                        },
                        "name": "ResponseSuccess"
                      },
                      "property": {
                        "type": "Identifier",
                        "start": 963,
                        "end": 969,
                        "loc": {
                          "start": {
                            "line": 35,
                            "column": 25
                          },
                          "end": {
                            "line": 35,
                            "column": 31
                          },
                          "identifierName": "create"
                        },
                        "name": "create"
                      },
                      "computed": false
                    },
                    "arguments": [
                      {
                        "type": "MemberExpression",
                        "start": 975,
                        "end": 996,
                        "loc": {
                          "start": {
                            "line": 36,
                            "column": 4
                          },
                          "end": {
                            "line": 36,
                            "column": 25
                          }
                        },
                        "object": {
                          "type": "Identifier",
                          "start": 975,
                          "end": 991,
                          "loc": {
                            "start": {
                              "line": 36,
                              "column": 4
                            },
                            "end": {
                              "line": 36,
                              "column": 20
                            },
                            "identifierName": "NoContentSuccess"
                          },
                          "name": "NoContentSuccess"
                        },
                        "property": {
                          "type": "Identifier",
                          "start": 992,
                          "end": 996,
                          "loc": {
                            "start": {
                              "line": 36,
                              "column": 21
                            },
                            "end": {
                              "line": 36,
                              "column": 25
                            },
                            "identifierName": "TYPE"
                          },
                          "name": "TYPE"
                        },
                        "computed": false
                      },
                      {
                        "type": "MemberExpression",
                        "start": 1002,
                        "end": 1023,
                        "loc": {
                          "start": {
                            "line": 37,
                            "column": 4
                          },
                          "end": {
                            "line": 37,
                            "column": 25
                          }
                        },
                        "object": {
                          "type": "Identifier",
                          "start": 1002,
                          "end": 1018,
                          "loc": {
                            "start": {
                              "line": 37,
                              "column": 4
                            },
                            "end": {
                              "line": 37,
                              "column": 20
                            },
                            "identifierName": "NoContentSuccess"
                          },
                          "name": "NoContentSuccess"
                        },
                        "property": {
                          "type": "Identifier",
                          "start": 1019,
                          "end": 1023,
                          "loc": {
                            "start": {
                              "line": 37,
                              "column": 21
                            },
                            "end": {
                              "line": 37,
                              "column": 25
                            },
                            "identifierName": "CODE"
                          },
                          "name": "CODE"
                        },
                        "computed": false
                      },
                      {
                        "type": "Identifier",
                        "start": 1029,
                        "end": 1036,
                        "loc": {
                          "start": {
                            "line": 38,
                            "column": 4
                          },
                          "end": {
                            "line": 38,
                            "column": 11
                          },
                          "identifierName": "message"
                        },
                        "name": "message"
                      }
                    ]
                  }
                }
              ],
              "directives": []
            }
          },
          "leadingComments": null
        },
        "leadingComments": [
          {
            "type": "CommentBlock",
            "value": "*\n* @ignore\n* Crea un objeto NoContentSuccess sin invocar un constructor.\n* @param {Object} [data]     - Datos.\n* @param {String} [message]  - Descripción general de la respuesta.\n* @param {Object} [metadata] - Metadatos.\n* @return {OkSuccess}\n",
            "start": 621,
            "end": 869,
            "loc": {
              "start": {
                "line": 26,
                "column": 0
              },
              "end": {
                "line": 33,
                "column": 2
              }
            }
          }
        ]
      },
      {
        "type": "ExpressionStatement",
        "start": 1044,
        "end": 1077,
        "loc": {
          "start": {
            "line": 42,
            "column": 0
          },
          "end": {
            "line": 42,
            "column": 33
          }
        },
        "expression": {
          "type": "AssignmentExpression",
          "start": 1044,
          "end": 1077,
          "loc": {
            "start": {
              "line": 42,
              "column": 0
            },
            "end": {
              "line": 42,
              "column": 33
            }
          },
          "operator": "=",
          "left": {
            "type": "MemberExpression",
            "start": 1044,
            "end": 1058,
            "loc": {
              "start": {
                "line": 42,
                "column": 0
              },
              "end": {
                "line": 42,
                "column": 14
              }
            },
            "object": {
              "type": "Identifier",
              "start": 1044,
              "end": 1050,
              "loc": {
                "start": {
                  "line": 42,
                  "column": 0
                },
                "end": {
                  "line": 42,
                  "column": 6
                },
                "identifierName": "module"
              },
              "name": "module"
            },
            "property": {
              "type": "Identifier",
              "start": 1051,
              "end": 1058,
              "loc": {
                "start": {
                  "line": 42,
                  "column": 7
                },
                "end": {
                  "line": 42,
                  "column": 14
                },
                "identifierName": "exports"
              },
              "name": "exports"
            },
            "computed": false
          },
          "right": {
            "type": "Identifier",
            "start": 1061,
            "end": 1077,
            "loc": {
              "start": {
                "line": 42,
                "column": 17
              },
              "end": {
                "line": 42,
                "column": 33
              },
              "identifierName": "NoContentSuccess"
            },
            "name": "NoContentSuccess"
          }
        }
      }
    ],
    "directives": []
  },
  "comments": [
    {
      "type": "CommentBlock",
      "value": "* @ignore ",
      "start": 0,
      "end": 14,
      "loc": {
        "start": {
          "line": 1,
          "column": 0
        },
        "end": {
          "line": 1,
          "column": 14
        }
      }
    },
    {
      "type": "CommentBlock",
      "value": "*\n* Clase NoContentSuccess\n",
      "start": 70,
      "end": 101,
      "loc": {
        "start": {
          "line": 3,
          "column": 0
        },
        "end": {
          "line": 5,
          "column": 2
        }
      }
    },
    {
      "type": "CommentBlock",
      "value": "*\n  * Crea una instancia.\n  * @param {Object} [data]     - Datos.\n  * @param {String} [message]  - Descripción general de la respuesta.\n  * @param {Object} [metadata] - Metadatos.\n  ",
      "start": 153,
      "end": 339,
      "loc": {
        "start": {
          "line": 7,
          "column": 2
        },
        "end": {
          "line": 12,
          "column": 4
        }
      }
    },
    {
      "type": "CommentBlock",
      "value": "*\n* @ignore\n* Crea un objeto NoContentSuccess sin invocar un constructor.\n* @param {Object} [data]     - Datos.\n* @param {String} [message]  - Descripción general de la respuesta.\n* @param {Object} [metadata] - Metadatos.\n* @return {OkSuccess}\n",
      "start": 621,
      "end": 869,
      "loc": {
        "start": {
          "line": 26,
          "column": 0
        },
        "end": {
          "line": 33,
          "column": 2
        }
      }
    }
  ],
  "tokens": [
    {
      "type": "CommentBlock",
      "value": "* @ignore ",
      "start": 0,
      "end": 14,
      "loc": {
        "start": {
          "line": 1,
          "column": 0
        },
        "end": {
          "line": 1,
          "column": 14
        }
      }
    },
    {
      "type": {
        "label": "const",
        "keyword": "const",
        "beforeExpr": false,
        "startsExpr": false,
        "rightAssociative": false,
        "isLoop": false,
        "isAssign": false,
        "prefix": false,
        "postfix": false,
        "binop": null,
        "updateContext": null
      },
      "value": "const",
      "start": 15,
      "end": 20,
      "loc": {
        "start": {
          "line": 1,
          "column": 15
        },
        "end": {
          "line": 1,
          "column": 20
        }
      }
    },
    {
      "type": {
        "label": "name",
        "beforeExpr": false,
        "startsExpr": true,
        "rightAssociative": false,
        "isLoop": false,
        "isAssign": false,
        "prefix": false,
        "postfix": false,
        "binop": null
      },
      "value": "ResponseSuccess",
      "start": 21,
      "end": 36,
      "loc": {
        "start": {
          "line": 1,
          "column": 21
        },
        "end": {
          "line": 1,
          "column": 36
        }
      }
    },
    {
      "type": {
        "label": "=",
        "beforeExpr": true,
        "startsExpr": false,
        "rightAssociative": false,
        "isLoop": false,
        "isAssign": true,
        "prefix": false,
        "postfix": false,
        "binop": null,
        "updateContext": null
      },
      "value": "=",
      "start": 37,
      "end": 38,
      "loc": {
        "start": {
          "line": 1,
          "column": 37
        },
        "end": {
          "line": 1,
          "column": 38
        }
      }
    },
    {
      "type": {
        "label": "name",
        "beforeExpr": false,
        "startsExpr": true,
        "rightAssociative": false,
        "isLoop": false,
        "isAssign": false,
        "prefix": false,
        "postfix": false,
        "binop": null
      },
      "value": "require",
      "start": 39,
      "end": 46,
      "loc": {
        "start": {
          "line": 1,
          "column": 39
        },
        "end": {
          "line": 1,
          "column": 46
        }
      }
    },
    {
      "type": {
        "label": "(",
        "beforeExpr": true,
        "startsExpr": true,
        "rightAssociative": false,
        "isLoop": false,
        "isAssign": false,
        "prefix": false,
        "postfix": false,
        "binop": null
      },
      "start": 46,
      "end": 47,
      "loc": {
        "start": {
          "line": 1,
          "column": 46
        },
        "end": {
          "line": 1,
          "column": 47
        }
      }
    },
    {
      "type": {
        "label": "string",
        "beforeExpr": false,
        "startsExpr": true,
        "rightAssociative": false,
        "isLoop": false,
        "isAssign": false,
        "prefix": false,
        "postfix": false,
        "binop": null,
        "updateContext": null
      },
      "value": "../ResponseSuccess",
      "start": 47,
      "end": 67,
      "loc": {
        "start": {
          "line": 1,
          "column": 47
        },
        "end": {
          "line": 1,
          "column": 67
        }
      }
    },
    {
      "type": {
        "label": ")",
        "beforeExpr": false,
        "startsExpr": false,
        "rightAssociative": false,
        "isLoop": false,
        "isAssign": false,
        "prefix": false,
        "postfix": false,
        "binop": null
      },
      "start": 67,
      "end": 68,
      "loc": {
        "start": {
          "line": 1,
          "column": 67
        },
        "end": {
          "line": 1,
          "column": 68
        }
      }
    },
    {
      "type": "CommentBlock",
      "value": "*\n* Clase NoContentSuccess\n",
      "start": 70,
      "end": 101,
      "loc": {
        "start": {
          "line": 3,
          "column": 0
        },
        "end": {
          "line": 5,
          "column": 2
        }
      }
    },
    {
      "type": {
        "label": "class",
        "keyword": "class",
        "beforeExpr": false,
        "startsExpr": false,
        "rightAssociative": false,
        "isLoop": false,
        "isAssign": false,
        "prefix": false,
        "postfix": false,
        "binop": null,
        "updateContext": null
      },
      "value": "class",
      "start": 102,
      "end": 107,
      "loc": {
        "start": {
          "line": 6,
          "column": 0
        },
        "end": {
          "line": 6,
          "column": 5
        }
      }
    },
    {
      "type": {
        "label": "name",
        "beforeExpr": false,
        "startsExpr": true,
        "rightAssociative": false,
        "isLoop": false,
        "isAssign": false,
        "prefix": false,
        "postfix": false,
        "binop": null
      },
      "value": "NoContentSuccess",
      "start": 108,
      "end": 124,
      "loc": {
        "start": {
          "line": 6,
          "column": 6
        },
        "end": {
          "line": 6,
          "column": 22
        }
      }
    },
    {
      "type": {
        "label": "extends",
        "keyword": "extends",
        "beforeExpr": true,
        "startsExpr": false,
        "rightAssociative": false,
        "isLoop": false,
        "isAssign": false,
        "prefix": false,
        "postfix": false,
        "binop": null,
        "updateContext": null
      },
      "value": "extends",
      "start": 125,
      "end": 132,
      "loc": {
        "start": {
          "line": 6,
          "column": 23
        },
        "end": {
          "line": 6,
          "column": 30
        }
      }
    },
    {
      "type": {
        "label": "name",
        "beforeExpr": false,
        "startsExpr": true,
        "rightAssociative": false,
        "isLoop": false,
        "isAssign": false,
        "prefix": false,
        "postfix": false,
        "binop": null
      },
      "value": "ResponseSuccess",
      "start": 133,
      "end": 148,
      "loc": {
        "start": {
          "line": 6,
          "column": 31
        },
        "end": {
          "line": 6,
          "column": 46
        }
      }
    },
    {
      "type": {
        "label": "{",
        "beforeExpr": true,
        "startsExpr": true,
        "rightAssociative": false,
        "isLoop": false,
        "isAssign": false,
        "prefix": false,
        "postfix": false,
        "binop": null
      },
      "start": 149,
      "end": 150,
      "loc": {
        "start": {
          "line": 6,
          "column": 47
        },
        "end": {
          "line": 6,
          "column": 48
        }
      }
    },
    {
      "type": "CommentBlock",
      "value": "*\n  * Crea una instancia.\n  * @param {Object} [data]     - Datos.\n  * @param {String} [message]  - Descripción general de la respuesta.\n  * @param {Object} [metadata] - Metadatos.\n  ",
      "start": 153,
      "end": 339,
      "loc": {
        "start": {
          "line": 7,
          "column": 2
        },
        "end": {
          "line": 12,
          "column": 4
        }
      }
    },
    {
      "type": {
        "label": "name",
        "beforeExpr": false,
        "startsExpr": true,
        "rightAssociative": false,
        "isLoop": false,
        "isAssign": false,
        "prefix": false,
        "postfix": false,
        "binop": null
      },
      "value": "constructor",
      "start": 342,
      "end": 353,
      "loc": {
        "start": {
          "line": 13,
          "column": 2
        },
        "end": {
          "line": 13,
          "column": 13
        }
      }
    },
    {
      "type": {
        "label": "(",
        "beforeExpr": true,
        "startsExpr": true,
        "rightAssociative": false,
        "isLoop": false,
        "isAssign": false,
        "prefix": false,
        "postfix": false,
        "binop": null
      },
      "start": 354,
      "end": 355,
      "loc": {
        "start": {
          "line": 13,
          "column": 14
        },
        "end": {
          "line": 13,
          "column": 15
        }
      }
    },
    {
      "type": {
        "label": "name",
        "beforeExpr": false,
        "startsExpr": true,
        "rightAssociative": false,
        "isLoop": false,
        "isAssign": false,
        "prefix": false,
        "postfix": false,
        "binop": null
      },
      "value": "message",
      "start": 355,
      "end": 362,
      "loc": {
        "start": {
          "line": 13,
          "column": 15
        },
        "end": {
          "line": 13,
          "column": 22
        }
      }
    },
    {
      "type": {
        "label": "=",
        "beforeExpr": true,
        "startsExpr": false,
        "rightAssociative": false,
        "isLoop": false,
        "isAssign": true,
        "prefix": false,
        "postfix": false,
        "binop": null,
        "updateContext": null
      },
      "value": "=",
      "start": 363,
      "end": 364,
      "loc": {
        "start": {
          "line": 13,
          "column": 23
        },
        "end": {
          "line": 13,
          "column": 24
        }
      }
    },
    {
      "type": {
        "label": "name",
        "beforeExpr": false,
        "startsExpr": true,
        "rightAssociative": false,
        "isLoop": false,
        "isAssign": false,
        "prefix": false,
        "postfix": false,
        "binop": null
      },
      "value": "NoContentSuccess",
      "start": 365,
      "end": 381,
      "loc": {
        "start": {
          "line": 13,
          "column": 25
        },
        "end": {
          "line": 13,
          "column": 41
        }
      }
    },
    {
      "type": {
        "label": ".",
        "beforeExpr": false,
        "startsExpr": false,
        "rightAssociative": false,
        "isLoop": false,
        "isAssign": false,
        "prefix": false,
        "postfix": false,
        "binop": null,
        "updateContext": null
      },
      "start": 381,
      "end": 382,
      "loc": {
        "start": {
          "line": 13,
          "column": 41
        },
        "end": {
          "line": 13,
          "column": 42
        }
      }
    },
    {
      "type": {
        "label": "name",
        "beforeExpr": false,
        "startsExpr": true,
        "rightAssociative": false,
        "isLoop": false,
        "isAssign": false,
        "prefix": false,
        "postfix": false,
        "binop": null
      },
      "value": "MESSAGE",
      "start": 382,
      "end": 389,
      "loc": {
        "start": {
          "line": 13,
          "column": 42
        },
        "end": {
          "line": 13,
          "column": 49
        }
      }
    },
    {
      "type": {
        "label": ")",
        "beforeExpr": false,
        "startsExpr": false,
        "rightAssociative": false,
        "isLoop": false,
        "isAssign": false,
        "prefix": false,
        "postfix": false,
        "binop": null
      },
      "start": 389,
      "end": 390,
      "loc": {
        "start": {
          "line": 13,
          "column": 49
        },
        "end": {
          "line": 13,
          "column": 50
        }
      }
    },
    {
      "type": {
        "label": "{",
        "beforeExpr": true,
        "startsExpr": true,
        "rightAssociative": false,
        "isLoop": false,
        "isAssign": false,
        "prefix": false,
        "postfix": false,
        "binop": null
      },
      "start": 391,
      "end": 392,
      "loc": {
        "start": {
          "line": 13,
          "column": 51
        },
        "end": {
          "line": 13,
          "column": 52
        }
      }
    },
    {
      "type": {
        "label": "super",
        "keyword": "super",
        "beforeExpr": false,
        "startsExpr": true,
        "rightAssociative": false,
        "isLoop": false,
        "isAssign": false,
        "prefix": false,
        "postfix": false,
        "binop": null,
        "updateContext": null
      },
      "value": "super",
      "start": 397,
      "end": 402,
      "loc": {
        "start": {
          "line": 14,
          "column": 4
        },
        "end": {
          "line": 14,
          "column": 9
        }
      }
    },
    {
      "type": {
        "label": "(",
        "beforeExpr": true,
        "startsExpr": true,
        "rightAssociative": false,
        "isLoop": false,
        "isAssign": false,
        "prefix": false,
        "postfix": false,
        "binop": null
      },
      "start": 402,
      "end": 403,
      "loc": {
        "start": {
          "line": 14,
          "column": 9
        },
        "end": {
          "line": 14,
          "column": 10
        }
      }
    },
    {
      "type": {
        "label": "name",
        "beforeExpr": false,
        "startsExpr": true,
        "rightAssociative": false,
        "isLoop": false,
        "isAssign": false,
        "prefix": false,
        "postfix": false,
        "binop": null
      },
      "value": "NoContentSuccess",
      "start": 410,
      "end": 426,
      "loc": {
        "start": {
          "line": 15,
          "column": 6
        },
        "end": {
          "line": 15,
          "column": 22
        }
      }
    },
    {
      "type": {
        "label": ".",
        "beforeExpr": false,
        "startsExpr": false,
        "rightAssociative": false,
        "isLoop": false,
        "isAssign": false,
        "prefix": false,
        "postfix": false,
        "binop": null,
        "updateContext": null
      },
      "start": 426,
      "end": 427,
      "loc": {
        "start": {
          "line": 15,
          "column": 22
        },
        "end": {
          "line": 15,
          "column": 23
        }
      }
    },
    {
      "type": {
        "label": "name",
        "beforeExpr": false,
        "startsExpr": true,
        "rightAssociative": false,
        "isLoop": false,
        "isAssign": false,
        "prefix": false,
        "postfix": false,
        "binop": null
      },
      "value": "TYPE",
      "start": 427,
      "end": 431,
      "loc": {
        "start": {
          "line": 15,
          "column": 23
        },
        "end": {
          "line": 15,
          "column": 27
        }
      }
    },
    {
      "type": {
        "label": ",",
        "beforeExpr": true,
        "startsExpr": false,
        "rightAssociative": false,
        "isLoop": false,
        "isAssign": false,
        "prefix": false,
        "postfix": false,
        "binop": null,
        "updateContext": null
      },
      "start": 431,
      "end": 432,
      "loc": {
        "start": {
          "line": 15,
          "column": 27
        },
        "end": {
          "line": 15,
          "column": 28
        }
      }
    },
    {
      "type": {
        "label": "name",
        "beforeExpr": false,
        "startsExpr": true,
        "rightAssociative": false,
        "isLoop": false,
        "isAssign": false,
        "prefix": false,
        "postfix": false,
        "binop": null
      },
      "value": "NoContentSuccess",
      "start": 439,
      "end": 455,
      "loc": {
        "start": {
          "line": 16,
          "column": 6
        },
        "end": {
          "line": 16,
          "column": 22
        }
      }
    },
    {
      "type": {
        "label": ".",
        "beforeExpr": false,
        "startsExpr": false,
        "rightAssociative": false,
        "isLoop": false,
        "isAssign": false,
        "prefix": false,
        "postfix": false,
        "binop": null,
        "updateContext": null
      },
      "start": 455,
      "end": 456,
      "loc": {
        "start": {
          "line": 16,
          "column": 22
        },
        "end": {
          "line": 16,
          "column": 23
        }
      }
    },
    {
      "type": {
        "label": "name",
        "beforeExpr": false,
        "startsExpr": true,
        "rightAssociative": false,
        "isLoop": false,
        "isAssign": false,
        "prefix": false,
        "postfix": false,
        "binop": null
      },
      "value": "CODE",
      "start": 456,
      "end": 460,
      "loc": {
        "start": {
          "line": 16,
          "column": 23
        },
        "end": {
          "line": 16,
          "column": 27
        }
      }
    },
    {
      "type": {
        "label": ",",
        "beforeExpr": true,
        "startsExpr": false,
        "rightAssociative": false,
        "isLoop": false,
        "isAssign": false,
        "prefix": false,
        "postfix": false,
        "binop": null,
        "updateContext": null
      },
      "start": 460,
      "end": 461,
      "loc": {
        "start": {
          "line": 16,
          "column": 27
        },
        "end": {
          "line": 16,
          "column": 28
        }
      }
    },
    {
      "type": {
        "label": "name",
        "beforeExpr": false,
        "startsExpr": true,
        "rightAssociative": false,
        "isLoop": false,
        "isAssign": false,
        "prefix": false,
        "postfix": false,
        "binop": null
      },
      "value": "message",
      "start": 468,
      "end": 475,
      "loc": {
        "start": {
          "line": 17,
          "column": 6
        },
        "end": {
          "line": 17,
          "column": 13
        }
      }
    },
    {
      "type": {
        "label": ")",
        "beforeExpr": false,
        "startsExpr": false,
        "rightAssociative": false,
        "isLoop": false,
        "isAssign": false,
        "prefix": false,
        "postfix": false,
        "binop": null
      },
      "start": 480,
      "end": 481,
      "loc": {
        "start": {
          "line": 18,
          "column": 4
        },
        "end": {
          "line": 18,
          "column": 5
        }
      }
    },
    {
      "type": {
        "label": "}",
        "beforeExpr": false,
        "startsExpr": false,
        "rightAssociative": false,
        "isLoop": false,
        "isAssign": false,
        "prefix": false,
        "postfix": false,
        "binop": null
      },
      "start": 484,
      "end": 485,
      "loc": {
        "start": {
          "line": 19,
          "column": 2
        },
        "end": {
          "line": 19,
          "column": 3
        }
      }
    },
    {
      "type": {
        "label": "}",
        "beforeExpr": false,
        "startsExpr": false,
        "rightAssociative": false,
        "isLoop": false,
        "isAssign": false,
        "prefix": false,
        "postfix": false,
        "binop": null
      },
      "start": 486,
      "end": 487,
      "loc": {
        "start": {
          "line": 20,
          "column": 0
        },
        "end": {
          "line": 20,
          "column": 1
        }
      }
    },
    {
      "type": {
        "label": "name",
        "beforeExpr": false,
        "startsExpr": true,
        "rightAssociative": false,
        "isLoop": false,
        "isAssign": false,
        "prefix": false,
        "postfix": false,
        "binop": null
      },
      "value": "NoContentSuccess",
      "start": 489,
      "end": 505,
      "loc": {
        "start": {
          "line": 22,
          "column": 0
        },
        "end": {
          "line": 22,
          "column": 16
        }
      }
    },
    {
      "type": {
        "label": ".",
        "beforeExpr": false,
        "startsExpr": false,
        "rightAssociative": false,
        "isLoop": false,
        "isAssign": false,
        "prefix": false,
        "postfix": false,
        "binop": null,
        "updateContext": null
      },
      "start": 505,
      "end": 506,
      "loc": {
        "start": {
          "line": 22,
          "column": 16
        },
        "end": {
          "line": 22,
          "column": 17
        }
      }
    },
    {
      "type": {
        "label": "name",
        "beforeExpr": false,
        "startsExpr": true,
        "rightAssociative": false,
        "isLoop": false,
        "isAssign": false,
        "prefix": false,
        "postfix": false,
        "binop": null
      },
      "value": "TYPE",
      "start": 506,
      "end": 510,
      "loc": {
        "start": {
          "line": 22,
          "column": 17
        },
        "end": {
          "line": 22,
          "column": 21
        }
      }
    },
    {
      "type": {
        "label": "=",
        "beforeExpr": true,
        "startsExpr": false,
        "rightAssociative": false,
        "isLoop": false,
        "isAssign": true,
        "prefix": false,
        "postfix": false,
        "binop": null,
        "updateContext": null
      },
      "value": "=",
      "start": 514,
      "end": 515,
      "loc": {
        "start": {
          "line": 22,
          "column": 25
        },
        "end": {
          "line": 22,
          "column": 26
        }
      }
    },
    {
      "type": {
        "label": "string",
        "beforeExpr": false,
        "startsExpr": true,
        "rightAssociative": false,
        "isLoop": false,
        "isAssign": false,
        "prefix": false,
        "postfix": false,
        "binop": null,
        "updateContext": null
      },
      "value": "NO CONTENT",
      "start": 516,
      "end": 528,
      "loc": {
        "start": {
          "line": 22,
          "column": 27
        },
        "end": {
          "line": 22,
          "column": 39
        }
      }
    },
    {
      "type": {
        "label": "name",
        "beforeExpr": false,
        "startsExpr": true,
        "rightAssociative": false,
        "isLoop": false,
        "isAssign": false,
        "prefix": false,
        "postfix": false,
        "binop": null
      },
      "value": "NoContentSuccess",
      "start": 529,
      "end": 545,
      "loc": {
        "start": {
          "line": 23,
          "column": 0
        },
        "end": {
          "line": 23,
          "column": 16
        }
      }
    },
    {
      "type": {
        "label": ".",
        "beforeExpr": false,
        "startsExpr": false,
        "rightAssociative": false,
        "isLoop": false,
        "isAssign": false,
        "prefix": false,
        "postfix": false,
        "binop": null,
        "updateContext": null
      },
      "start": 545,
      "end": 546,
      "loc": {
        "start": {
          "line": 23,
          "column": 16
        },
        "end": {
          "line": 23,
          "column": 17
        }
      }
    },
    {
      "type": {
        "label": "name",
        "beforeExpr": false,
        "startsExpr": true,
        "rightAssociative": false,
        "isLoop": false,
        "isAssign": false,
        "prefix": false,
        "postfix": false,
        "binop": null
      },
      "value": "CODE",
      "start": 546,
      "end": 550,
      "loc": {
        "start": {
          "line": 23,
          "column": 17
        },
        "end": {
          "line": 23,
          "column": 21
        }
      }
    },
    {
      "type": {
        "label": "=",
        "beforeExpr": true,
        "startsExpr": false,
        "rightAssociative": false,
        "isLoop": false,
        "isAssign": true,
        "prefix": false,
        "postfix": false,
        "binop": null,
        "updateContext": null
      },
      "value": "=",
      "start": 554,
      "end": 555,
      "loc": {
        "start": {
          "line": 23,
          "column": 25
        },
        "end": {
          "line": 23,
          "column": 26
        }
      }
    },
    {
      "type": {
        "label": "num",
        "beforeExpr": false,
        "startsExpr": true,
        "rightAssociative": false,
        "isLoop": false,
        "isAssign": false,
        "prefix": false,
        "postfix": false,
        "binop": null,
        "updateContext": null
      },
      "value": 204,
      "start": 556,
      "end": 559,
      "loc": {
        "start": {
          "line": 23,
          "column": 27
        },
        "end": {
          "line": 23,
          "column": 30
        }
      }
    },
    {
      "type": {
        "label": "name",
        "beforeExpr": false,
        "startsExpr": true,
        "rightAssociative": false,
        "isLoop": false,
        "isAssign": false,
        "prefix": false,
        "postfix": false,
        "binop": null
      },
      "value": "NoContentSuccess",
      "start": 560,
      "end": 576,
      "loc": {
        "start": {
          "line": 24,
          "column": 0
        },
        "end": {
          "line": 24,
          "column": 16
        }
      }
    },
    {
      "type": {
        "label": ".",
        "beforeExpr": false,
        "startsExpr": false,
        "rightAssociative": false,
        "isLoop": false,
        "isAssign": false,
        "prefix": false,
        "postfix": false,
        "binop": null,
        "updateContext": null
      },
      "start": 576,
      "end": 577,
      "loc": {
        "start": {
          "line": 24,
          "column": 16
        },
        "end": {
          "line": 24,
          "column": 17
        }
      }
    },
    {
      "type": {
        "label": "name",
        "beforeExpr": false,
        "startsExpr": true,
        "rightAssociative": false,
        "isLoop": false,
        "isAssign": false,
        "prefix": false,
        "postfix": false,
        "binop": null
      },
      "value": "MESSAGE",
      "start": 577,
      "end": 584,
      "loc": {
        "start": {
          "line": 24,
          "column": 17
        },
        "end": {
          "line": 24,
          "column": 24
        }
      }
    },
    {
      "type": {
        "label": "=",
        "beforeExpr": true,
        "startsExpr": false,
        "rightAssociative": false,
        "isLoop": false,
        "isAssign": true,
        "prefix": false,
        "postfix": false,
        "binop": null,
        "updateContext": null
      },
      "value": "=",
      "start": 585,
      "end": 586,
      "loc": {
        "start": {
          "line": 24,
          "column": 25
        },
        "end": {
          "line": 24,
          "column": 26
        }
      }
    },
    {
      "type": {
        "label": "string",
        "beforeExpr": false,
        "startsExpr": true,
        "rightAssociative": false,
        "isLoop": false,
        "isAssign": false,
        "prefix": false,
        "postfix": false,
        "binop": null,
        "updateContext": null
      },
      "value": "Tarea completada exitosamente.",
      "start": 587,
      "end": 619,
      "loc": {
        "start": {
          "line": 24,
          "column": 27
        },
        "end": {
          "line": 24,
          "column": 59
        }
      }
    },
    {
      "type": "CommentBlock",
      "value": "*\n* @ignore\n* Crea un objeto NoContentSuccess sin invocar un constructor.\n* @param {Object} [data]     - Datos.\n* @param {String} [message]  - Descripción general de la respuesta.\n* @param {Object} [metadata] - Metadatos.\n* @return {OkSuccess}\n",
      "start": 621,
      "end": 869,
      "loc": {
        "start": {
          "line": 26,
          "column": 0
        },
        "end": {
          "line": 33,
          "column": 2
        }
      }
    },
    {
      "type": {
        "label": "name",
        "beforeExpr": false,
        "startsExpr": true,
        "rightAssociative": false,
        "isLoop": false,
        "isAssign": false,
        "prefix": false,
        "postfix": false,
        "binop": null
      },
      "value": "NoContentSuccess",
      "start": 870,
      "end": 886,
      "loc": {
        "start": {
          "line": 34,
          "column": 0
        },
        "end": {
          "line": 34,
          "column": 16
        }
      }
    },
    {
      "type": {
        "label": ".",
        "beforeExpr": false,
        "startsExpr": false,
        "rightAssociative": false,
        "isLoop": false,
        "isAssign": false,
        "prefix": false,
        "postfix": false,
        "binop": null,
        "updateContext": null
      },
      "start": 886,
      "end": 887,
      "loc": {
        "start": {
          "line": 34,
          "column": 16
        },
        "end": {
          "line": 34,
          "column": 17
        }
      }
    },
    {
      "type": {
        "label": "name",
        "beforeExpr": false,
        "startsExpr": true,
        "rightAssociative": false,
        "isLoop": false,
        "isAssign": false,
        "prefix": false,
        "postfix": false,
        "binop": null
      },
      "value": "create",
      "start": 887,
      "end": 893,
      "loc": {
        "start": {
          "line": 34,
          "column": 17
        },
        "end": {
          "line": 34,
          "column": 23
        }
      }
    },
    {
      "type": {
        "label": "=",
        "beforeExpr": true,
        "startsExpr": false,
        "rightAssociative": false,
        "isLoop": false,
        "isAssign": true,
        "prefix": false,
        "postfix": false,
        "binop": null,
        "updateContext": null
      },
      "value": "=",
      "start": 894,
      "end": 895,
      "loc": {
        "start": {
          "line": 34,
          "column": 24
        },
        "end": {
          "line": 34,
          "column": 25
        }
      }
    },
    {
      "type": {
        "label": "(",
        "beforeExpr": true,
        "startsExpr": true,
        "rightAssociative": false,
        "isLoop": false,
        "isAssign": false,
        "prefix": false,
        "postfix": false,
        "binop": null
      },
      "start": 896,
      "end": 897,
      "loc": {
        "start": {
          "line": 34,
          "column": 26
        },
        "end": {
          "line": 34,
          "column": 27
        }
      }
    },
    {
      "type": {
        "label": "name",
        "beforeExpr": false,
        "startsExpr": true,
        "rightAssociative": false,
        "isLoop": false,
        "isAssign": false,
        "prefix": false,
        "postfix": false,
        "binop": null
      },
      "value": "message",
      "start": 897,
      "end": 904,
      "loc": {
        "start": {
          "line": 34,
          "column": 27
        },
        "end": {
          "line": 34,
          "column": 34
        }
      }
    },
    {
      "type": {
        "label": "=",
        "beforeExpr": true,
        "startsExpr": false,
        "rightAssociative": false,
        "isLoop": false,
        "isAssign": true,
        "prefix": false,
        "postfix": false,
        "binop": null,
        "updateContext": null
      },
      "value": "=",
      "start": 905,
      "end": 906,
      "loc": {
        "start": {
          "line": 34,
          "column": 35
        },
        "end": {
          "line": 34,
          "column": 36
        }
      }
    },
    {
      "type": {
        "label": "name",
        "beforeExpr": false,
        "startsExpr": true,
        "rightAssociative": false,
        "isLoop": false,
        "isAssign": false,
        "prefix": false,
        "postfix": false,
        "binop": null
      },
      "value": "NoContentSuccess",
      "start": 907,
      "end": 923,
      "loc": {
        "start": {
          "line": 34,
          "column": 37
        },
        "end": {
          "line": 34,
          "column": 53
        }
      }
    },
    {
      "type": {
        "label": ".",
        "beforeExpr": false,
        "startsExpr": false,
        "rightAssociative": false,
        "isLoop": false,
        "isAssign": false,
        "prefix": false,
        "postfix": false,
        "binop": null,
        "updateContext": null
      },
      "start": 923,
      "end": 924,
      "loc": {
        "start": {
          "line": 34,
          "column": 53
        },
        "end": {
          "line": 34,
          "column": 54
        }
      }
    },
    {
      "type": {
        "label": "name",
        "beforeExpr": false,
        "startsExpr": true,
        "rightAssociative": false,
        "isLoop": false,
        "isAssign": false,
        "prefix": false,
        "postfix": false,
        "binop": null
      },
      "value": "MESSAGE",
      "start": 924,
      "end": 931,
      "loc": {
        "start": {
          "line": 34,
          "column": 54
        },
        "end": {
          "line": 34,
          "column": 61
        }
      }
    },
    {
      "type": {
        "label": ")",
        "beforeExpr": false,
        "startsExpr": false,
        "rightAssociative": false,
        "isLoop": false,
        "isAssign": false,
        "prefix": false,
        "postfix": false,
        "binop": null
      },
      "start": 931,
      "end": 932,
      "loc": {
        "start": {
          "line": 34,
          "column": 61
        },
        "end": {
          "line": 34,
          "column": 62
        }
      }
    },
    {
      "type": {
        "label": "=>",
        "beforeExpr": true,
        "startsExpr": false,
        "rightAssociative": false,
        "isLoop": false,
        "isAssign": false,
        "prefix": false,
        "postfix": false,
        "binop": null,
        "updateContext": null
      },
      "start": 933,
      "end": 935,
      "loc": {
        "start": {
          "line": 34,
          "column": 63
        },
        "end": {
          "line": 34,
          "column": 65
        }
      }
    },
    {
      "type": {
        "label": "{",
        "beforeExpr": true,
        "startsExpr": true,
        "rightAssociative": false,
        "isLoop": false,
        "isAssign": false,
        "prefix": false,
        "postfix": false,
        "binop": null
      },
      "start": 936,
      "end": 937,
      "loc": {
        "start": {
          "line": 34,
          "column": 66
        },
        "end": {
          "line": 34,
          "column": 67
        }
      }
    },
    {
      "type": {
        "label": "return",
        "keyword": "return",
        "beforeExpr": true,
        "startsExpr": false,
        "rightAssociative": false,
        "isLoop": false,
        "isAssign": false,
        "prefix": false,
        "postfix": false,
        "binop": null,
        "updateContext": null
      },
      "value": "return",
      "start": 940,
      "end": 946,
      "loc": {
        "start": {
          "line": 35,
          "column": 2
        },
        "end": {
          "line": 35,
          "column": 8
        }
      }
    },
    {
      "type": {
        "label": "name",
        "beforeExpr": false,
        "startsExpr": true,
        "rightAssociative": false,
        "isLoop": false,
        "isAssign": false,
        "prefix": false,
        "postfix": false,
        "binop": null
      },
      "value": "ResponseSuccess",
      "start": 947,
      "end": 962,
      "loc": {
        "start": {
          "line": 35,
          "column": 9
        },
        "end": {
          "line": 35,
          "column": 24
        }
      }
    },
    {
      "type": {
        "label": ".",
        "beforeExpr": false,
        "startsExpr": false,
        "rightAssociative": false,
        "isLoop": false,
        "isAssign": false,
        "prefix": false,
        "postfix": false,
        "binop": null,
        "updateContext": null
      },
      "start": 962,
      "end": 963,
      "loc": {
        "start": {
          "line": 35,
          "column": 24
        },
        "end": {
          "line": 35,
          "column": 25
        }
      }
    },
    {
      "type": {
        "label": "name",
        "beforeExpr": false,
        "startsExpr": true,
        "rightAssociative": false,
        "isLoop": false,
        "isAssign": false,
        "prefix": false,
        "postfix": false,
        "binop": null
      },
      "value": "create",
      "start": 963,
      "end": 969,
      "loc": {
        "start": {
          "line": 35,
          "column": 25
        },
        "end": {
          "line": 35,
          "column": 31
        }
      }
    },
    {
      "type": {
        "label": "(",
        "beforeExpr": true,
        "startsExpr": true,
        "rightAssociative": false,
        "isLoop": false,
        "isAssign": false,
        "prefix": false,
        "postfix": false,
        "binop": null
      },
      "start": 969,
      "end": 970,
      "loc": {
        "start": {
          "line": 35,
          "column": 31
        },
        "end": {
          "line": 35,
          "column": 32
        }
      }
    },
    {
      "type": {
        "label": "name",
        "beforeExpr": false,
        "startsExpr": true,
        "rightAssociative": false,
        "isLoop": false,
        "isAssign": false,
        "prefix": false,
        "postfix": false,
        "binop": null
      },
      "value": "NoContentSuccess",
      "start": 975,
      "end": 991,
      "loc": {
        "start": {
          "line": 36,
          "column": 4
        },
        "end": {
          "line": 36,
          "column": 20
        }
      }
    },
    {
      "type": {
        "label": ".",
        "beforeExpr": false,
        "startsExpr": false,
        "rightAssociative": false,
        "isLoop": false,
        "isAssign": false,
        "prefix": false,
        "postfix": false,
        "binop": null,
        "updateContext": null
      },
      "start": 991,
      "end": 992,
      "loc": {
        "start": {
          "line": 36,
          "column": 20
        },
        "end": {
          "line": 36,
          "column": 21
        }
      }
    },
    {
      "type": {
        "label": "name",
        "beforeExpr": false,
        "startsExpr": true,
        "rightAssociative": false,
        "isLoop": false,
        "isAssign": false,
        "prefix": false,
        "postfix": false,
        "binop": null
      },
      "value": "TYPE",
      "start": 992,
      "end": 996,
      "loc": {
        "start": {
          "line": 36,
          "column": 21
        },
        "end": {
          "line": 36,
          "column": 25
        }
      }
    },
    {
      "type": {
        "label": ",",
        "beforeExpr": true,
        "startsExpr": false,
        "rightAssociative": false,
        "isLoop": false,
        "isAssign": false,
        "prefix": false,
        "postfix": false,
        "binop": null,
        "updateContext": null
      },
      "start": 996,
      "end": 997,
      "loc": {
        "start": {
          "line": 36,
          "column": 25
        },
        "end": {
          "line": 36,
          "column": 26
        }
      }
    },
    {
      "type": {
        "label": "name",
        "beforeExpr": false,
        "startsExpr": true,
        "rightAssociative": false,
        "isLoop": false,
        "isAssign": false,
        "prefix": false,
        "postfix": false,
        "binop": null
      },
      "value": "NoContentSuccess",
      "start": 1002,
      "end": 1018,
      "loc": {
        "start": {
          "line": 37,
          "column": 4
        },
        "end": {
          "line": 37,
          "column": 20
        }
      }
    },
    {
      "type": {
        "label": ".",
        "beforeExpr": false,
        "startsExpr": false,
        "rightAssociative": false,
        "isLoop": false,
        "isAssign": false,
        "prefix": false,
        "postfix": false,
        "binop": null,
        "updateContext": null
      },
      "start": 1018,
      "end": 1019,
      "loc": {
        "start": {
          "line": 37,
          "column": 20
        },
        "end": {
          "line": 37,
          "column": 21
        }
      }
    },
    {
      "type": {
        "label": "name",
        "beforeExpr": false,
        "startsExpr": true,
        "rightAssociative": false,
        "isLoop": false,
        "isAssign": false,
        "prefix": false,
        "postfix": false,
        "binop": null
      },
      "value": "CODE",
      "start": 1019,
      "end": 1023,
      "loc": {
        "start": {
          "line": 37,
          "column": 21
        },
        "end": {
          "line": 37,
          "column": 25
        }
      }
    },
    {
      "type": {
        "label": ",",
        "beforeExpr": true,
        "startsExpr": false,
        "rightAssociative": false,
        "isLoop": false,
        "isAssign": false,
        "prefix": false,
        "postfix": false,
        "binop": null,
        "updateContext": null
      },
      "start": 1023,
      "end": 1024,
      "loc": {
        "start": {
          "line": 37,
          "column": 25
        },
        "end": {
          "line": 37,
          "column": 26
        }
      }
    },
    {
      "type": {
        "label": "name",
        "beforeExpr": false,
        "startsExpr": true,
        "rightAssociative": false,
        "isLoop": false,
        "isAssign": false,
        "prefix": false,
        "postfix": false,
        "binop": null
      },
      "value": "message",
      "start": 1029,
      "end": 1036,
      "loc": {
        "start": {
          "line": 38,
          "column": 4
        },
        "end": {
          "line": 38,
          "column": 11
        }
      }
    },
    {
      "type": {
        "label": ")",
        "beforeExpr": false,
        "startsExpr": false,
        "rightAssociative": false,
        "isLoop": false,
        "isAssign": false,
        "prefix": false,
        "postfix": false,
        "binop": null
      },
      "start": 1039,
      "end": 1040,
      "loc": {
        "start": {
          "line": 39,
          "column": 2
        },
        "end": {
          "line": 39,
          "column": 3
        }
      }
    },
    {
      "type": {
        "label": "}",
        "beforeExpr": false,
        "startsExpr": false,
        "rightAssociative": false,
        "isLoop": false,
        "isAssign": false,
        "prefix": false,
        "postfix": false,
        "binop": null
      },
      "start": 1041,
      "end": 1042,
      "loc": {
        "start": {
          "line": 40,
          "column": 0
        },
        "end": {
          "line": 40,
          "column": 1
        }
      }
    },
    {
      "type": {
        "label": "name",
        "beforeExpr": false,
        "startsExpr": true,
        "rightAssociative": false,
        "isLoop": false,
        "isAssign": false,
        "prefix": false,
        "postfix": false,
        "binop": null
      },
      "value": "module",
      "start": 1044,
      "end": 1050,
      "loc": {
        "start": {
          "line": 42,
          "column": 0
        },
        "end": {
          "line": 42,
          "column": 6
        }
      }
    },
    {
      "type": {
        "label": ".",
        "beforeExpr": false,
        "startsExpr": false,
        "rightAssociative": false,
        "isLoop": false,
        "isAssign": false,
        "prefix": false,
        "postfix": false,
        "binop": null,
        "updateContext": null
      },
      "start": 1050,
      "end": 1051,
      "loc": {
        "start": {
          "line": 42,
          "column": 6
        },
        "end": {
          "line": 42,
          "column": 7
        }
      }
    },
    {
      "type": {
        "label": "name",
        "beforeExpr": false,
        "startsExpr": true,
        "rightAssociative": false,
        "isLoop": false,
        "isAssign": false,
        "prefix": false,
        "postfix": false,
        "binop": null
      },
      "value": "exports",
      "start": 1051,
      "end": 1058,
      "loc": {
        "start": {
          "line": 42,
          "column": 7
        },
        "end": {
          "line": 42,
          "column": 14
        }
      }
    },
    {
      "type": {
        "label": "=",
        "beforeExpr": true,
        "startsExpr": false,
        "rightAssociative": false,
        "isLoop": false,
        "isAssign": true,
        "prefix": false,
        "postfix": false,
        "binop": null,
        "updateContext": null
      },
      "value": "=",
      "start": 1059,
      "end": 1060,
      "loc": {
        "start": {
          "line": 42,
          "column": 15
        },
        "end": {
          "line": 42,
          "column": 16
        }
      }
    },
    {
      "type": {
        "label": "name",
        "beforeExpr": false,
        "startsExpr": true,
        "rightAssociative": false,
        "isLoop": false,
        "isAssign": false,
        "prefix": false,
        "postfix": false,
        "binop": null
      },
      "value": "NoContentSuccess",
      "start": 1061,
      "end": 1077,
      "loc": {
        "start": {
          "line": 42,
          "column": 17
        },
        "end": {
          "line": 42,
          "column": 33
        }
      }
    },
    {
      "type": {
        "label": "eof",
        "beforeExpr": false,
        "startsExpr": false,
        "rightAssociative": false,
        "isLoop": false,
        "isAssign": false,
        "prefix": false,
        "postfix": false,
        "binop": null,
        "updateContext": null
      },
      "start": 1078,
      "end": 1078,
      "loc": {
        "start": {
          "line": 43,
          "column": 0
        },
        "end": {
          "line": 43,
          "column": 0
        }
      }
    }
  ]
}