{
  "type": "File",
  "start": 0,
  "end": 440,
  "loc": {
    "start": {
      "line": 1,
      "column": 0
    },
    "end": {
      "line": 26,
      "column": 0
    }
  },
  "program": {
    "type": "Program",
    "start": 0,
    "end": 440,
    "loc": {
      "start": {
        "line": 1,
        "column": 0
      },
      "end": {
        "line": 26,
        "column": 0
      }
    },
    "sourceType": "module",
    "body": [
      {
        "type": "ClassDeclaration",
        "start": 26,
        "end": 405,
        "loc": {
          "start": {
            "line": 4,
            "column": 0
          },
          "end": {
            "line": 23,
            "column": 1
          }
        },
        "id": {
          "type": "Identifier",
          "start": 32,
          "end": 47,
          "loc": {
            "start": {
              "line": 4,
              "column": 6
            },
            "end": {
              "line": 4,
              "column": 21
            },
            "identifierName": "ValidationError"
          },
          "name": "ValidationError",
          "leadingComments": null
        },
        "superClass": {
          "type": "Identifier",
          "start": 56,
          "end": 61,
          "loc": {
            "start": {
              "line": 4,
              "column": 30
            },
            "end": {
              "line": 4,
              "column": 35
            },
            "identifierName": "Error"
          },
          "name": "Error"
        },
        "body": {
          "type": "ClassBody",
          "start": 62,
          "end": 405,
          "loc": {
            "start": {
              "line": 4,
              "column": 36
            },
            "end": {
              "line": 23,
              "column": 1
            }
          },
          "body": [
            {
              "type": "ClassMethod",
              "start": 155,
              "end": 403,
              "loc": {
                "start": {
                  "line": 9,
                  "column": 2
                },
                "end": {
                  "line": 22,
                  "column": 3
                }
              },
              "static": false,
              "computed": false,
              "key": {
                "type": "Identifier",
                "start": 155,
                "end": 166,
                "loc": {
                  "start": {
                    "line": 9,
                    "column": 2
                  },
                  "end": {
                    "line": 9,
                    "column": 13
                  },
                  "identifierName": "constructor"
                },
                "name": "constructor",
                "leadingComments": null
              },
              "kind": "constructor",
              "id": null,
              "generator": false,
              "expression": false,
              "async": false,
              "params": [
                {
                  "type": "Identifier",
                  "start": 168,
                  "end": 174,
                  "loc": {
                    "start": {
                      "line": 9,
                      "column": 15
                    },
                    "end": {
                      "line": 9,
                      "column": 21
                    },
                    "identifierName": "errors"
                  },
                  "name": "errors"
                }
              ],
              "body": {
                "type": "BlockStatement",
                "start": 176,
                "end": 403,
                "loc": {
                  "start": {
                    "line": 9,
                    "column": 23
                  },
                  "end": {
                    "line": 22,
                    "column": 3
                  }
                },
                "body": [
                  {
                    "type": "ExpressionStatement",
                    "start": 182,
                    "end": 210,
                    "loc": {
                      "start": {
                        "line": 10,
                        "column": 4
                      },
                      "end": {
                        "line": 10,
                        "column": 32
                      }
                    },
                    "expression": {
                      "type": "CallExpression",
                      "start": 182,
                      "end": 210,
                      "loc": {
                        "start": {
                          "line": 10,
                          "column": 4
                        },
                        "end": {
                          "line": 10,
                          "column": 32
                        }
                      },
                      "callee": {
                        "type": "Super",
                        "start": 182,
                        "end": 187,
                        "loc": {
                          "start": {
                            "line": 10,
                            "column": 4
                          },
                          "end": {
                            "line": 10,
                            "column": 9
                          }
                        }
                      },
                      "arguments": [
                        {
                          "type": "StringLiteral",
                          "start": 188,
                          "end": 209,
                          "loc": {
                            "start": {
                              "line": 10,
                              "column": 10
                            },
                            "end": {
                              "line": 10,
                              "column": 31
                            }
                          },
                          "extra": {
                            "rawValue": "Error de validación",
                            "raw": "'Error de validación'"
                          },
                          "value": "Error de validación"
                        }
                      ],
                      "trailingComments": null
                    },
                    "trailingComments": [
                      {
                        "type": "CommentBlock",
                        "value": "*\n    * Nombre del error\n    * @type {String}\n    ",
                        "start": 215,
                        "end": 269,
                        "loc": {
                          "start": {
                            "line": 11,
                            "column": 4
                          },
                          "end": {
                            "line": 14,
                            "column": 6
                          }
                        }
                      }
                    ]
                  },
                  {
                    "type": "ExpressionStatement",
                    "start": 274,
                    "end": 312,
                    "loc": {
                      "start": {
                        "line": 15,
                        "column": 4
                      },
                      "end": {
                        "line": 15,
                        "column": 42
                      }
                    },
                    "expression": {
                      "type": "AssignmentExpression",
                      "start": 274,
                      "end": 312,
                      "loc": {
                        "start": {
                          "line": 15,
                          "column": 4
                        },
                        "end": {
                          "line": 15,
                          "column": 42
                        }
                      },
                      "operator": "=",
                      "left": {
                        "type": "MemberExpression",
                        "start": 274,
                        "end": 283,
                        "loc": {
                          "start": {
                            "line": 15,
                            "column": 4
                          },
                          "end": {
                            "line": 15,
                            "column": 13
                          }
                        },
                        "object": {
                          "type": "ThisExpression",
                          "start": 274,
                          "end": 278,
                          "loc": {
                            "start": {
                              "line": 15,
                              "column": 4
                            },
                            "end": {
                              "line": 15,
                              "column": 8
                            }
                          },
                          "leadingComments": null
                        },
                        "property": {
                          "type": "Identifier",
                          "start": 279,
                          "end": 283,
                          "loc": {
                            "start": {
                              "line": 15,
                              "column": 9
                            },
                            "end": {
                              "line": 15,
                              "column": 13
                            },
                            "identifierName": "name"
                          },
                          "name": "name"
                        },
                        "computed": false,
                        "leadingComments": null
                      },
                      "right": {
                        "type": "StringLiteral",
                        "start": 286,
                        "end": 312,
                        "loc": {
                          "start": {
                            "line": 15,
                            "column": 16
                          },
                          "end": {
                            "line": 15,
                            "column": 42
                          }
                        },
                        "extra": {
                          "rawValue": "InputDataValidationError",
                          "raw": "'InputDataValidationError'"
                        },
                        "value": "InputDataValidationError",
                        "leadingComments": null,
                        "trailingComments": null
                      },
                      "leadingComments": null,
                      "trailingComments": null
                    },
                    "leadingComments": [
                      {
                        "type": "CommentBlock",
                        "value": "*\n    * Nombre del error\n    * @type {String}\n    ",
                        "start": 215,
                        "end": 269,
                        "loc": {
                          "start": {
                            "line": 11,
                            "column": 4
                          },
                          "end": {
                            "line": 14,
                            "column": 6
                          }
                        }
                      }
                    ],
                    "trailingComments": [
                      {
                        "type": "CommentBlock",
                        "value": "*\n    * Lista de errores\n    * @type {Object[]}\n    ",
                        "start": 318,
                        "end": 374,
                        "loc": {
                          "start": {
                            "line": 17,
                            "column": 4
                          },
                          "end": {
                            "line": 20,
                            "column": 6
                          }
                        }
                      }
                    ]
                  },
                  {
                    "type": "ExpressionStatement",
                    "start": 379,
                    "end": 399,
                    "loc": {
                      "start": {
                        "line": 21,
                        "column": 4
                      },
                      "end": {
                        "line": 21,
                        "column": 24
                      }
                    },
                    "expression": {
                      "type": "AssignmentExpression",
                      "start": 379,
                      "end": 399,
                      "loc": {
                        "start": {
                          "line": 21,
                          "column": 4
                        },
                        "end": {
                          "line": 21,
                          "column": 24
                        }
                      },
                      "operator": "=",
                      "left": {
                        "type": "MemberExpression",
                        "start": 379,
                        "end": 390,
                        "loc": {
                          "start": {
                            "line": 21,
                            "column": 4
                          },
                          "end": {
                            "line": 21,
                            "column": 15
                          }
                        },
                        "object": {
                          "type": "ThisExpression",
                          "start": 379,
                          "end": 383,
                          "loc": {
                            "start": {
                              "line": 21,
                              "column": 4
                            },
                            "end": {
                              "line": 21,
                              "column": 8
                            }
                          },
                          "leadingComments": null
                        },
                        "property": {
                          "type": "Identifier",
                          "start": 384,
                          "end": 390,
                          "loc": {
                            "start": {
                              "line": 21,
                              "column": 9
                            },
                            "end": {
                              "line": 21,
                              "column": 15
                            },
                            "identifierName": "errors"
                          },
                          "name": "errors"
                        },
                        "computed": false,
                        "leadingComments": null
                      },
                      "right": {
                        "type": "Identifier",
                        "start": 393,
                        "end": 399,
                        "loc": {
                          "start": {
                            "line": 21,
                            "column": 18
                          },
                          "end": {
                            "line": 21,
                            "column": 24
                          },
                          "identifierName": "errors"
                        },
                        "name": "errors"
                      },
                      "leadingComments": null
                    },
                    "leadingComments": [
                      {
                        "type": "CommentBlock",
                        "value": "*\n    * Lista de errores\n    * @type {Object[]}\n    ",
                        "start": 318,
                        "end": 374,
                        "loc": {
                          "start": {
                            "line": 17,
                            "column": 4
                          },
                          "end": {
                            "line": 20,
                            "column": 6
                          }
                        }
                      }
                    ]
                  }
                ],
                "directives": []
              },
              "leadingComments": [
                {
                  "type": "CommentBlock",
                  "value": "*\n  * Crea una instancia de error.\n  * @param {Object[]} errors Lista de errors\n  ",
                  "start": 66,
                  "end": 152,
                  "loc": {
                    "start": {
                      "line": 5,
                      "column": 2
                    },
                    "end": {
                      "line": 8,
                      "column": 4
                    }
                  }
                }
              ]
            }
          ]
        },
        "leadingComments": [
          {
            "type": "CommentBlock",
            "value": "*\n* Formato de error\n",
            "start": 0,
            "end": 25,
            "loc": {
              "start": {
                "line": 1,
                "column": 0
              },
              "end": {
                "line": 3,
                "column": 2
              }
            }
          }
        ]
      },
      {
        "type": "ExpressionStatement",
        "start": 407,
        "end": 439,
        "loc": {
          "start": {
            "line": 25,
            "column": 0
          },
          "end": {
            "line": 25,
            "column": 32
          }
        },
        "expression": {
          "type": "AssignmentExpression",
          "start": 407,
          "end": 439,
          "loc": {
            "start": {
              "line": 25,
              "column": 0
            },
            "end": {
              "line": 25,
              "column": 32
            }
          },
          "operator": "=",
          "left": {
            "type": "MemberExpression",
            "start": 407,
            "end": 421,
            "loc": {
              "start": {
                "line": 25,
                "column": 0
              },
              "end": {
                "line": 25,
                "column": 14
              }
            },
            "object": {
              "type": "Identifier",
              "start": 407,
              "end": 413,
              "loc": {
                "start": {
                  "line": 25,
                  "column": 0
                },
                "end": {
                  "line": 25,
                  "column": 6
                },
                "identifierName": "module"
              },
              "name": "module"
            },
            "property": {
              "type": "Identifier",
              "start": 414,
              "end": 421,
              "loc": {
                "start": {
                  "line": 25,
                  "column": 7
                },
                "end": {
                  "line": 25,
                  "column": 14
                },
                "identifierName": "exports"
              },
              "name": "exports"
            },
            "computed": false
          },
          "right": {
            "type": "Identifier",
            "start": 424,
            "end": 439,
            "loc": {
              "start": {
                "line": 25,
                "column": 17
              },
              "end": {
                "line": 25,
                "column": 32
              },
              "identifierName": "ValidationError"
            },
            "name": "ValidationError"
          }
        }
      }
    ],
    "directives": []
  },
  "comments": [
    {
      "type": "CommentBlock",
      "value": "*\n* Formato de error\n",
      "start": 0,
      "end": 25,
      "loc": {
        "start": {
          "line": 1,
          "column": 0
        },
        "end": {
          "line": 3,
          "column": 2
        }
      }
    },
    {
      "type": "CommentBlock",
      "value": "*\n  * Crea una instancia de error.\n  * @param {Object[]} errors Lista de errors\n  ",
      "start": 66,
      "end": 152,
      "loc": {
        "start": {
          "line": 5,
          "column": 2
        },
        "end": {
          "line": 8,
          "column": 4
        }
      }
    },
    {
      "type": "CommentBlock",
      "value": "*\n    * Nombre del error\n    * @type {String}\n    ",
      "start": 215,
      "end": 269,
      "loc": {
        "start": {
          "line": 11,
          "column": 4
        },
        "end": {
          "line": 14,
          "column": 6
        }
      }
    },
    {
      "type": "CommentBlock",
      "value": "*\n    * Lista de errores\n    * @type {Object[]}\n    ",
      "start": 318,
      "end": 374,
      "loc": {
        "start": {
          "line": 17,
          "column": 4
        },
        "end": {
          "line": 20,
          "column": 6
        }
      }
    }
  ],
  "tokens": [
    {
      "type": "CommentBlock",
      "value": "*\n* Formato de error\n",
      "start": 0,
      "end": 25,
      "loc": {
        "start": {
          "line": 1,
          "column": 0
        },
        "end": {
          "line": 3,
          "column": 2
        }
      }
    },
    {
      "type": {
        "label": "class",
        "keyword": "class",
        "beforeExpr": false,
        "startsExpr": false,
        "rightAssociative": false,
        "isLoop": false,
        "isAssign": false,
        "prefix": false,
        "postfix": false,
        "binop": null,
        "updateContext": null
      },
      "value": "class",
      "start": 26,
      "end": 31,
      "loc": {
        "start": {
          "line": 4,
          "column": 0
        },
        "end": {
          "line": 4,
          "column": 5
        }
      }
    },
    {
      "type": {
        "label": "name",
        "beforeExpr": false,
        "startsExpr": true,
        "rightAssociative": false,
        "isLoop": false,
        "isAssign": false,
        "prefix": false,
        "postfix": false,
        "binop": null
      },
      "value": "ValidationError",
      "start": 32,
      "end": 47,
      "loc": {
        "start": {
          "line": 4,
          "column": 6
        },
        "end": {
          "line": 4,
          "column": 21
        }
      }
    },
    {
      "type": {
        "label": "extends",
        "keyword": "extends",
        "beforeExpr": true,
        "startsExpr": false,
        "rightAssociative": false,
        "isLoop": false,
        "isAssign": false,
        "prefix": false,
        "postfix": false,
        "binop": null,
        "updateContext": null
      },
      "value": "extends",
      "start": 48,
      "end": 55,
      "loc": {
        "start": {
          "line": 4,
          "column": 22
        },
        "end": {
          "line": 4,
          "column": 29
        }
      }
    },
    {
      "type": {
        "label": "name",
        "beforeExpr": false,
        "startsExpr": true,
        "rightAssociative": false,
        "isLoop": false,
        "isAssign": false,
        "prefix": false,
        "postfix": false,
        "binop": null
      },
      "value": "Error",
      "start": 56,
      "end": 61,
      "loc": {
        "start": {
          "line": 4,
          "column": 30
        },
        "end": {
          "line": 4,
          "column": 35
        }
      }
    },
    {
      "type": {
        "label": "{",
        "beforeExpr": true,
        "startsExpr": true,
        "rightAssociative": false,
        "isLoop": false,
        "isAssign": false,
        "prefix": false,
        "postfix": false,
        "binop": null
      },
      "start": 62,
      "end": 63,
      "loc": {
        "start": {
          "line": 4,
          "column": 36
        },
        "end": {
          "line": 4,
          "column": 37
        }
      }
    },
    {
      "type": "CommentBlock",
      "value": "*\n  * Crea una instancia de error.\n  * @param {Object[]} errors Lista de errors\n  ",
      "start": 66,
      "end": 152,
      "loc": {
        "start": {
          "line": 5,
          "column": 2
        },
        "end": {
          "line": 8,
          "column": 4
        }
      }
    },
    {
      "type": {
        "label": "name",
        "beforeExpr": false,
        "startsExpr": true,
        "rightAssociative": false,
        "isLoop": false,
        "isAssign": false,
        "prefix": false,
        "postfix": false,
        "binop": null
      },
      "value": "constructor",
      "start": 155,
      "end": 166,
      "loc": {
        "start": {
          "line": 9,
          "column": 2
        },
        "end": {
          "line": 9,
          "column": 13
        }
      }
    },
    {
      "type": {
        "label": "(",
        "beforeExpr": true,
        "startsExpr": true,
        "rightAssociative": false,
        "isLoop": false,
        "isAssign": false,
        "prefix": false,
        "postfix": false,
        "binop": null
      },
      "start": 167,
      "end": 168,
      "loc": {
        "start": {
          "line": 9,
          "column": 14
        },
        "end": {
          "line": 9,
          "column": 15
        }
      }
    },
    {
      "type": {
        "label": "name",
        "beforeExpr": false,
        "startsExpr": true,
        "rightAssociative": false,
        "isLoop": false,
        "isAssign": false,
        "prefix": false,
        "postfix": false,
        "binop": null
      },
      "value": "errors",
      "start": 168,
      "end": 174,
      "loc": {
        "start": {
          "line": 9,
          "column": 15
        },
        "end": {
          "line": 9,
          "column": 21
        }
      }
    },
    {
      "type": {
        "label": ")",
        "beforeExpr": false,
        "startsExpr": false,
        "rightAssociative": false,
        "isLoop": false,
        "isAssign": false,
        "prefix": false,
        "postfix": false,
        "binop": null
      },
      "start": 174,
      "end": 175,
      "loc": {
        "start": {
          "line": 9,
          "column": 21
        },
        "end": {
          "line": 9,
          "column": 22
        }
      }
    },
    {
      "type": {
        "label": "{",
        "beforeExpr": true,
        "startsExpr": true,
        "rightAssociative": false,
        "isLoop": false,
        "isAssign": false,
        "prefix": false,
        "postfix": false,
        "binop": null
      },
      "start": 176,
      "end": 177,
      "loc": {
        "start": {
          "line": 9,
          "column": 23
        },
        "end": {
          "line": 9,
          "column": 24
        }
      }
    },
    {
      "type": {
        "label": "super",
        "keyword": "super",
        "beforeExpr": false,
        "startsExpr": true,
        "rightAssociative": false,
        "isLoop": false,
        "isAssign": false,
        "prefix": false,
        "postfix": false,
        "binop": null,
        "updateContext": null
      },
      "value": "super",
      "start": 182,
      "end": 187,
      "loc": {
        "start": {
          "line": 10,
          "column": 4
        },
        "end": {
          "line": 10,
          "column": 9
        }
      }
    },
    {
      "type": {
        "label": "(",
        "beforeExpr": true,
        "startsExpr": true,
        "rightAssociative": false,
        "isLoop": false,
        "isAssign": false,
        "prefix": false,
        "postfix": false,
        "binop": null
      },
      "start": 187,
      "end": 188,
      "loc": {
        "start": {
          "line": 10,
          "column": 9
        },
        "end": {
          "line": 10,
          "column": 10
        }
      }
    },
    {
      "type": {
        "label": "string",
        "beforeExpr": false,
        "startsExpr": true,
        "rightAssociative": false,
        "isLoop": false,
        "isAssign": false,
        "prefix": false,
        "postfix": false,
        "binop": null,
        "updateContext": null
      },
      "value": "Error de validación",
      "start": 188,
      "end": 209,
      "loc": {
        "start": {
          "line": 10,
          "column": 10
        },
        "end": {
          "line": 10,
          "column": 31
        }
      }
    },
    {
      "type": {
        "label": ")",
        "beforeExpr": false,
        "startsExpr": false,
        "rightAssociative": false,
        "isLoop": false,
        "isAssign": false,
        "prefix": false,
        "postfix": false,
        "binop": null
      },
      "start": 209,
      "end": 210,
      "loc": {
        "start": {
          "line": 10,
          "column": 31
        },
        "end": {
          "line": 10,
          "column": 32
        }
      }
    },
    {
      "type": "CommentBlock",
      "value": "*\n    * Nombre del error\n    * @type {String}\n    ",
      "start": 215,
      "end": 269,
      "loc": {
        "start": {
          "line": 11,
          "column": 4
        },
        "end": {
          "line": 14,
          "column": 6
        }
      }
    },
    {
      "type": {
        "label": "this",
        "keyword": "this",
        "beforeExpr": false,
        "startsExpr": true,
        "rightAssociative": false,
        "isLoop": false,
        "isAssign": false,
        "prefix": false,
        "postfix": false,
        "binop": null,
        "updateContext": null
      },
      "value": "this",
      "start": 274,
      "end": 278,
      "loc": {
        "start": {
          "line": 15,
          "column": 4
        },
        "end": {
          "line": 15,
          "column": 8
        }
      }
    },
    {
      "type": {
        "label": ".",
        "beforeExpr": false,
        "startsExpr": false,
        "rightAssociative": false,
        "isLoop": false,
        "isAssign": false,
        "prefix": false,
        "postfix": false,
        "binop": null,
        "updateContext": null
      },
      "start": 278,
      "end": 279,
      "loc": {
        "start": {
          "line": 15,
          "column": 8
        },
        "end": {
          "line": 15,
          "column": 9
        }
      }
    },
    {
      "type": {
        "label": "name",
        "beforeExpr": false,
        "startsExpr": true,
        "rightAssociative": false,
        "isLoop": false,
        "isAssign": false,
        "prefix": false,
        "postfix": false,
        "binop": null
      },
      "value": "name",
      "start": 279,
      "end": 283,
      "loc": {
        "start": {
          "line": 15,
          "column": 9
        },
        "end": {
          "line": 15,
          "column": 13
        }
      }
    },
    {
      "type": {
        "label": "=",
        "beforeExpr": true,
        "startsExpr": false,
        "rightAssociative": false,
        "isLoop": false,
        "isAssign": true,
        "prefix": false,
        "postfix": false,
        "binop": null,
        "updateContext": null
      },
      "value": "=",
      "start": 284,
      "end": 285,
      "loc": {
        "start": {
          "line": 15,
          "column": 14
        },
        "end": {
          "line": 15,
          "column": 15
        }
      }
    },
    {
      "type": {
        "label": "string",
        "beforeExpr": false,
        "startsExpr": true,
        "rightAssociative": false,
        "isLoop": false,
        "isAssign": false,
        "prefix": false,
        "postfix": false,
        "binop": null,
        "updateContext": null
      },
      "value": "InputDataValidationError",
      "start": 286,
      "end": 312,
      "loc": {
        "start": {
          "line": 15,
          "column": 16
        },
        "end": {
          "line": 15,
          "column": 42
        }
      }
    },
    {
      "type": "CommentBlock",
      "value": "*\n    * Lista de errores\n    * @type {Object[]}\n    ",
      "start": 318,
      "end": 374,
      "loc": {
        "start": {
          "line": 17,
          "column": 4
        },
        "end": {
          "line": 20,
          "column": 6
        }
      }
    },
    {
      "type": {
        "label": "this",
        "keyword": "this",
        "beforeExpr": false,
        "startsExpr": true,
        "rightAssociative": false,
        "isLoop": false,
        "isAssign": false,
        "prefix": false,
        "postfix": false,
        "binop": null,
        "updateContext": null
      },
      "value": "this",
      "start": 379,
      "end": 383,
      "loc": {
        "start": {
          "line": 21,
          "column": 4
        },
        "end": {
          "line": 21,
          "column": 8
        }
      }
    },
    {
      "type": {
        "label": ".",
        "beforeExpr": false,
        "startsExpr": false,
        "rightAssociative": false,
        "isLoop": false,
        "isAssign": false,
        "prefix": false,
        "postfix": false,
        "binop": null,
        "updateContext": null
      },
      "start": 383,
      "end": 384,
      "loc": {
        "start": {
          "line": 21,
          "column": 8
        },
        "end": {
          "line": 21,
          "column": 9
        }
      }
    },
    {
      "type": {
        "label": "name",
        "beforeExpr": false,
        "startsExpr": true,
        "rightAssociative": false,
        "isLoop": false,
        "isAssign": false,
        "prefix": false,
        "postfix": false,
        "binop": null
      },
      "value": "errors",
      "start": 384,
      "end": 390,
      "loc": {
        "start": {
          "line": 21,
          "column": 9
        },
        "end": {
          "line": 21,
          "column": 15
        }
      }
    },
    {
      "type": {
        "label": "=",
        "beforeExpr": true,
        "startsExpr": false,
        "rightAssociative": false,
        "isLoop": false,
        "isAssign": true,
        "prefix": false,
        "postfix": false,
        "binop": null,
        "updateContext": null
      },
      "value": "=",
      "start": 391,
      "end": 392,
      "loc": {
        "start": {
          "line": 21,
          "column": 16
        },
        "end": {
          "line": 21,
          "column": 17
        }
      }
    },
    {
      "type": {
        "label": "name",
        "beforeExpr": false,
        "startsExpr": true,
        "rightAssociative": false,
        "isLoop": false,
        "isAssign": false,
        "prefix": false,
        "postfix": false,
        "binop": null
      },
      "value": "errors",
      "start": 393,
      "end": 399,
      "loc": {
        "start": {
          "line": 21,
          "column": 18
        },
        "end": {
          "line": 21,
          "column": 24
        }
      }
    },
    {
      "type": {
        "label": "}",
        "beforeExpr": false,
        "startsExpr": false,
        "rightAssociative": false,
        "isLoop": false,
        "isAssign": false,
        "prefix": false,
        "postfix": false,
        "binop": null
      },
      "start": 402,
      "end": 403,
      "loc": {
        "start": {
          "line": 22,
          "column": 2
        },
        "end": {
          "line": 22,
          "column": 3
        }
      }
    },
    {
      "type": {
        "label": "}",
        "beforeExpr": false,
        "startsExpr": false,
        "rightAssociative": false,
        "isLoop": false,
        "isAssign": false,
        "prefix": false,
        "postfix": false,
        "binop": null
      },
      "start": 404,
      "end": 405,
      "loc": {
        "start": {
          "line": 23,
          "column": 0
        },
        "end": {
          "line": 23,
          "column": 1
        }
      }
    },
    {
      "type": {
        "label": "name",
        "beforeExpr": false,
        "startsExpr": true,
        "rightAssociative": false,
        "isLoop": false,
        "isAssign": false,
        "prefix": false,
        "postfix": false,
        "binop": null
      },
      "value": "module",
      "start": 407,
      "end": 413,
      "loc": {
        "start": {
          "line": 25,
          "column": 0
        },
        "end": {
          "line": 25,
          "column": 6
        }
      }
    },
    {
      "type": {
        "label": ".",
        "beforeExpr": false,
        "startsExpr": false,
        "rightAssociative": false,
        "isLoop": false,
        "isAssign": false,
        "prefix": false,
        "postfix": false,
        "binop": null,
        "updateContext": null
      },
      "start": 413,
      "end": 414,
      "loc": {
        "start": {
          "line": 25,
          "column": 6
        },
        "end": {
          "line": 25,
          "column": 7
        }
      }
    },
    {
      "type": {
        "label": "name",
        "beforeExpr": false,
        "startsExpr": true,
        "rightAssociative": false,
        "isLoop": false,
        "isAssign": false,
        "prefix": false,
        "postfix": false,
        "binop": null
      },
      "value": "exports",
      "start": 414,
      "end": 421,
      "loc": {
        "start": {
          "line": 25,
          "column": 7
        },
        "end": {
          "line": 25,
          "column": 14
        }
      }
    },
    {
      "type": {
        "label": "=",
        "beforeExpr": true,
        "startsExpr": false,
        "rightAssociative": false,
        "isLoop": false,
        "isAssign": true,
        "prefix": false,
        "postfix": false,
        "binop": null,
        "updateContext": null
      },
      "value": "=",
      "start": 422,
      "end": 423,
      "loc": {
        "start": {
          "line": 25,
          "column": 15
        },
        "end": {
          "line": 25,
          "column": 16
        }
      }
    },
    {
      "type": {
        "label": "name",
        "beforeExpr": false,
        "startsExpr": true,
        "rightAssociative": false,
        "isLoop": false,
        "isAssign": false,
        "prefix": false,
        "postfix": false,
        "binop": null
      },
      "value": "ValidationError",
      "start": 424,
      "end": 439,
      "loc": {
        "start": {
          "line": 25,
          "column": 17
        },
        "end": {
          "line": 25,
          "column": 32
        }
      }
    },
    {
      "type": {
        "label": "eof",
        "beforeExpr": false,
        "startsExpr": false,
        "rightAssociative": false,
        "isLoop": false,
        "isAssign": false,
        "prefix": false,
        "postfix": false,
        "binop": null,
        "updateContext": null
      },
      "start": 440,
      "end": 440,
      "loc": {
        "start": {
          "line": 26,
          "column": 0
        },
        "end": {
          "line": 26,
          "column": 0
        }
      }
    }
  ]
}